id,initial,match,type
5085,Abu Dubai Oil Refining Company,abu dubai oil refining company,ownername
5090,Abu Dubai Oil Refining Company,abu dubai oil refining company,ownername
5054,Aden Refinery Company,aden refinery company,ownername
5054,Aden Refinery Company,adenrefinerycompany,ownername
5054,Aden Refinery Company,adenrefinery,ownername
9675,Aktobe Refinery,aktobe refinery,ownername
9675,Aktobe Refinery,aktoberefinery,ownername
4829,AkzoNobel,akzonobel,ownername
4703,Alcoa,alcoa,ownername
4860,Alcoa,alcoa,ownername
4943,Alma Petroli,alma petroli,ownername
4943,Alma Petroli,almapetroli,ownername
4644,Alon USA,alon usa,ownername
4644,Alon USA,alonusa,ownername
4783,American Refining Group,american refining group,ownername
4783,American Refining Group,americanrefininggroup,ownername
4783,American Refining Group,americanrefining,ownername
4833,ANCAP,ancap,ownername
4731,Andeavor,andeavor,ownername
4681,Andeavor,andeavor,ownername
4686,Andeavor,andeavor,ownername
4671,Andeavor,andeavor,ownername
4669,Andeavor,andeavor,ownername
4661,Andeavor,andeavor,ownername
4635,Andeavor,andeavor,ownername
4626,Andeavor,andeavor,ownername
4651,Andeavor,andeavor,ownername
4642,Andeavor,andeavor,ownername
4649,Andeavor,andeavor,ownername
4949,Api Anonima Petroli Italiana SpA,api anonima petroli italiana spa,ownername
4916,Aquitane,aquitane,ownername
9694,Aramco Trading Company,aramco trading company,ownername
9694,Aramco Trading Company,aramcotradingcompany,ownername
9694,Aramco Trading Company,aramcotrading,ownername
9695,Aramco Trading Company,aramco trading company,ownername
9695,Aramco Trading Company,aramcotradingcompany,ownername
9695,Aramco Trading Company,aramcotrading,ownername
5230,Aramco Trading Company,aramco trading company,ownername
5230,Aramco Trading Company,aramcotradingcompany,ownername
5230,Aramco Trading Company,aramcotrading,ownername
15999,Aramco Trading Company,aramco trading company,ownername
15999,Aramco Trading Company,aramcotradingcompany,ownername
15999,Aramco Trading Company,aramcotrading,ownername
16187,Aramco Trading Company,aramco trading company,ownername
16187,Aramco Trading Company,aramcotradingcompany,ownername
16187,Aramco Trading Company,aramcotrading,ownername
5058,Aramco Trading Company,aramco trading company,ownername
5058,Aramco Trading Company,aramcotradingcompany,ownername
5058,Aramco Trading Company,aramcotrading,ownername
5041,Aramco Trading Company,aramco trading company,ownername
5041,Aramco Trading Company,aramcotradingcompany,ownername
5041,Aramco Trading Company,aramcotrading,ownername
5039,Aramco Trading Company,aramco trading company,ownername
5039,Aramco Trading Company,aramcotradingcompany,ownername
5039,Aramco Trading Company,aramcotrading,ownername
5036,Aramco Trading Company,aramco trading company,ownername
5036,Aramco Trading Company,aramcotradingcompany,ownername
5036,Aramco Trading Company,aramcotrading,ownername
5033,Aramco Trading Company,aramco trading company,ownername
5033,Aramco Trading Company,aramcotradingcompany,ownername
5033,Aramco Trading Company,aramcotrading,ownername
5034,Aramco Trading Company,aramco trading company,ownername
5034,Aramco Trading Company,aramcotradingcompany,ownername
5034,Aramco Trading Company,aramcotrading,ownername
5070,Aramco Trading Company,aramco trading company,ownername
5070,Aramco Trading Company,aramcotradingcompany,ownername
5070,Aramco Trading Company,aramcotrading,ownername
5075,Aramco Trading Company,aramco trading company,ownername
5075,Aramco Trading Company,aramcotradingcompany,ownername
5075,Aramco Trading Company,aramcotrading,ownername
9694,SATORP,satorp,ownername
9695,SATORP,satorp,ownername
5230,SATORP,satorp,ownername
15999,SATORP,satorp,ownername
16187,SATORP,satorp,ownername
5058,SATORP,satorp,ownername
5041,SATORP,satorp,ownername
5039,SATORP,satorp,ownername
5036,SATORP,satorp,ownername
5033,SATORP,satorp,ownername
5034,SATORP,satorp,ownername
5070,SATORP,satorp,ownername
5075,SATORP,satorp,ownername
9694,Saudi Aramco,saudi aramco,ownername
9694,Saudi Aramco,saudiaramco,ownername
9695,Saudi Aramco,saudi aramco,ownername
9695,Saudi Aramco,saudiaramco,ownername
5230,Saudi Aramco,saudi aramco,ownername
5230,Saudi Aramco,saudiaramco,ownername
15999,Saudi Aramco,saudi aramco,ownername
15999,Saudi Aramco,saudiaramco,ownername
16187,Saudi Aramco,saudi aramco,ownername
16187,Saudi Aramco,saudiaramco,ownername
5058,Saudi Aramco,saudi aramco,ownername
5058,Saudi Aramco,saudiaramco,ownername
5041,Saudi Aramco,saudi aramco,ownername
5041,Saudi Aramco,saudiaramco,ownername
5039,Saudi Aramco,saudi aramco,ownername
5039,Saudi Aramco,saudiaramco,ownername
5036,Saudi Aramco,saudi aramco,ownername
5036,Saudi Aramco,saudiaramco,ownername
5033,Saudi Aramco,saudi aramco,ownername
5033,Saudi Aramco,saudiaramco,ownername
5034,Saudi Aramco,saudi aramco,ownername
5034,Saudi Aramco,saudiaramco,ownername
5070,Saudi Aramco,saudi aramco,ownername
5070,Saudi Aramco,saudiaramco,ownername
5075,Saudi Aramco,saudi aramco,ownername
5075,Saudi Aramco,saudiaramco,ownername
9694,Saudi Aramco Total Refining and Petrochemical Company,saudi aramco total refining and petrochemical company,ownername
9695,Saudi Aramco Total Refining and Petrochemical Company,saudi aramco total refining and petrochemical company,ownername
5230,Saudi Aramco Total Refining and Petrochemical Company,saudi aramco total refining and petrochemical company,ownername
15999,Saudi Aramco Total Refining and Petrochemical Company,saudi aramco total refining and petrochemical company,ownername
16187,Saudi Aramco Total Refining and Petrochemical Company,saudi aramco total refining and petrochemical company,ownername
5058,Saudi Aramco Total Refining and Petrochemical Company,saudi aramco total refining and petrochemical company,ownername
5041,Saudi Aramco Total Refining and Petrochemical Company,saudi aramco total refining and petrochemical company,ownername
5039,Saudi Aramco Total Refining and Petrochemical Company,saudi aramco total refining and petrochemical company,ownername
5036,Saudi Aramco Total Refining and Petrochemical Company,saudi aramco total refining and petrochemical company,ownername
5033,Saudi Aramco Total Refining and Petrochemical Company,saudi aramco total refining and petrochemical company,ownername
5034,Saudi Aramco Total Refining and Petrochemical Company,saudi aramco total refining and petrochemical company,ownername
5070,Saudi Aramco Total Refining and Petrochemical Company,saudi aramco total refining and petrochemical company,ownername
5075,Saudi Aramco Total Refining and Petrochemical Company,saudi aramco total refining and petrochemical company,ownername
9616,ARMO,armo,ownername
5118,Attock Refinery,attock refinery,ownername
5118,Attock Refinery,attockrefinery,ownername
4794,Axeon SP,axeon sp,ownername
4794,Axeon SP,axeonsp,ownername
4824,Axion Energy Argentina SA,axion energy argentina sa,ownername
5105,Axion Energy Argentina SA,axion energy argentina sa,ownername
5076,Bahrain Petroleum,bahrain petroleum,ownername
5076,Bahrain Petroleum,bahrainpetroleum,ownername
5156,Bangchak Petroleum,bangchak petroleum,ownername
5156,Bangchak Petroleum,bangchakpetroleum,ownername
5149,Bangladesh Petroleum Corporation,bangladesh petroleum corporation,ownername
5149,Bangladesh Petroleum Corporation,bangladeshpetroleumcorporation,ownername
5149,Bangladesh Petroleum Corporation,bangladeshpetroleum,ownername
5027,Banias Refining,banias refining,ownername
5027,Banias Refining,baniasrefining,ownername
16054,Baota Petrochemical Group,baota petrochemical group,ownername
16054,Baota Petrochemical Group,baotapetrochemicalgroup,ownername
16054,Baota Petrochemical Group,baotapetrochemical,ownername
16095,Baota Petrochemical Group,baota petrochemical group,ownername
16095,Baota Petrochemical Group,baotapetrochemicalgroup,ownername
16095,Baota Petrochemical Group,baotapetrochemical,ownername
16105,Baota Petrochemical Group,baota petrochemical group,ownername
16105,Baota Petrochemical Group,baotapetrochemicalgroup,ownername
16105,Baota Petrochemical Group,baotapetrochemical,ownername
16116,Baota Petrochemical Group,baota petrochemical group,ownername
16116,Baota Petrochemical Group,baotapetrochemicalgroup,ownername
16116,Baota Petrochemical Group,baotapetrochemical,ownername
16145,Baota Petrochemical Group,baota petrochemical group,ownername
16145,Baota Petrochemical Group,baotapetrochemicalgroup,ownername
16145,Baota Petrochemical Group,baotapetrochemical,ownername
5095,Bashneft,bashneft,ownername
5096,Bashneft,bashneft,ownername
5097,Bashneft,bashneft,ownername
5026,Bazan Group,bazan group,ownername
5026,Bazan Group,bazangroup,ownername
5128,Bharat Oman Refineries,bharat oman refineries,ownername
5128,Bharat Oman Refineries,bharatomanrefineries,ownername
5128,Bharat Oman Refineries,bharatoman,ownername
5132,Bharat Petroleum,bharat petroleum,ownername
5132,Bharat Petroleum,bharatpetroleum,ownername
9731,Bharat Petroleum,bharat petroleum,ownername
9731,Bharat Petroleum,bharatpetroleum,ownername
4659,Big West Oil,big west oil,ownername
4659,Big West Oil,bigwestoil,ownername
4659,Big West Oil,bigwest,ownername
4691,Blue Dolphin Energy,blue dolphin energy,ownername
4691,Blue Dolphin Energy,bluedolphinenergy,ownername
4691,Blue Dolphin Energy,bluedolphin,ownername
16163,Blue Star Daqing Petroleum,blue star daqing petroleum,ownername
16066,Blue-star Petrochemical,blue-star petrochemical,ownername
16066,Blue-star Petrochemical,blue-starpetrochemical,ownername
5104,Bosicor Pakistan,bosicor pakistan,ownername
5104,Bosicor Pakistan,bosicorpakistan,ownername
5107,Bosicor Pakistan,bosicor pakistan,ownername
5107,Bosicor Pakistan,bosicorpakistan,ownername
5192,BP,bp,ownername
4913,BP,bp,ownername
5013,BP,bp,ownername
5024,BP,bp,ownername
4632,BP,bp,ownername
4627,BP,bp,ownername
4758,BP,bp,ownername
4763,BP,bp,ownername
4878,BP,bp,ownername
4890,BP,bp,ownername
4911,BP,bp,ownername
5264,BP,bp,ownername
9704,Buckeye Partners,buckeye partners,ownername
9704,Buckeye Partners,buckeyepartners,ownername
4799,Buckeye Partners,buckeye partners,ownername
4799,Buckeye Partners,buckeyepartners,ownername
4727,Calcasieu Refining Company,calcasieu refining company,ownername
4727,Calcasieu Refining Company,calcasieurefiningcompany,ownername
4727,Calcasieu Refining Company,calcasieurefining,ownername
16059,California Resources Corporation,california resources corporation,ownername
16059,California Resources Corporation,californiaresourcescorporation,ownername
16059,California Resources Corporation,californiaresources,ownername
5265,Caltex Australia,caltex australia,ownername
5265,Caltex Australia,caltexaustralia,ownername
4723,Calumet,calumet,ownername
4724,Calumet,calumet,ownername
4725,Calumet,calumet,ownername
4734,Calumet,calumet,ownername
4663,Calumet,calumet,ownername
4689,Calumet,calumet,ownername
4796,Carlyle Group,carlyle group,ownername
4796,Carlyle Group,carlylegroup,ownername
4684,Cenovus,cenovus,ownername
4743,Cenovus,cenovus,ownername
4852,Cepsa,cepsa,ownername
4862,Cepsa,cepsa,ownername
4863,Cepsa,cepsa,ownername
4864,Cepsa,cepsa,ownername
15989,Cepsa,cepsa,ownername
5131,Ceylon Petroleum Corporation,ceylon petroleum corporation,ownername
5131,Ceylon Petroleum Corporation,ceylonpetroleumcorporation,ownername
5131,Ceylon Petroleum Corporation,ceylonpetroleum,ownername
9634,Chadian Ministry of Petroleum,chadian ministry of petroleum,ownername
16085,Changchun Xinda Petroleum Group,changchun xinda petroleum group,ownername
16065,Changle Huarong Industry and Trade,changle huarong industry and trade,ownername
16040,ChemChina Petrochemical,chemchina petrochemical,ownername
16040,ChemChina Petrochemical,chemchinapetrochemical,ownername
15979,ChemChina Petrochemical,chemchina petrochemical,ownername
15979,ChemChina Petrochemical,chemchinapetrochemical,ownername
16110,ChemChina Petrochemical,chemchina petrochemical,ownername
16110,ChemChina Petrochemical,chemchinapetrochemical,ownername
16093,ChemChina Petrochemical,chemchina petrochemical,ownername
16093,ChemChina Petrochemical,chemchinapetrochemical,ownername
16056,ChemChina Petrochemical,chemchina petrochemical,ownername
16056,ChemChina Petrochemical,chemchinapetrochemical,ownername
16051,ChemChina Petrochemical,chemchina petrochemical,ownername
16051,ChemChina Petrochemical,chemchinapetrochemical,ownername
16052,ChemChina Petrochemical,chemchina petrochemical,ownername
16052,ChemChina Petrochemical,chemchinapetrochemical,ownername
16138,ChemChina Petrochemical,chemchina petrochemical,ownername
16138,ChemChina Petrochemical,chemchinapetrochemical,ownername
16126,ChemChina Petrochemical,chemchina petrochemical,ownername
16126,ChemChina Petrochemical,chemchinapetrochemical,ownername
16112,ChemChina Petrochemical,chemchina petrochemical,ownername
16112,ChemChina Petrochemical,chemchinapetrochemical,ownername
16165,ChemChina Petrochemical,chemchina petrochemical,ownername
16165,ChemChina Petrochemical,chemchinapetrochemical,ownername
16160,ChemChina Petrochemical,chemchina petrochemical,ownername
16160,ChemChina Petrochemical,chemchinapetrochemical,ownername
16148,ChemChina Petrochemical,chemchina petrochemical,ownername
16148,ChemChina Petrochemical,chemchinapetrochemical,ownername
16149,ChemChina Petrochemical,chemchina petrochemical,ownername
16149,ChemChina Petrochemical,chemchinapetrochemical,ownername
16078,Chengdu Road & Bridge Engineering,chengdu road & bridge engineering,ownername
5134,Chennai Petroleum Corporation,chennai petroleum corporation,ownername
5134,Chennai Petroleum Corporation,chennaipetroleumcorporation,ownername
5134,Chennai Petroleum Corporation,chennaipetroleum,ownername
5130,Chennai Petroleum Corporation,chennai petroleum corporation,ownername
5130,Chennai Petroleum Corporation,chennaipetroleumcorporation,ownername
5130,Chennai Petroleum Corporation,chennaipetroleum,ownername
5159,ChevTex,chevtex,ownername
5199,ChevTex,chevtex,ownername
4750,ChevTex,chevtex,ownername
4754,ChevTex,chevtex,ownername
4730,ChevTex,chevtex,ownername
4658,ChevTex,chevtex,ownername
4631,ChevTex,chevtex,ownername
4637,ChevTex,chevtex,ownername
4646,ChevTex,chevtex,ownername
9716,ChevTex,chevtex,ownername
5159,Chevron,chevron,ownername
5199,Chevron,chevron,ownername
4750,Chevron,chevron,ownername
4754,Chevron,chevron,ownername
4730,Chevron,chevron,ownername
4658,Chevron,chevron,ownername
4631,Chevron,chevron,ownername
4637,Chevron,chevron,ownername
4646,Chevron,chevron,ownername
9716,Chevron,chevron,ownername
16055,China North Industries Corporation,china north industries corporation,ownername
16078,China Offshore Oil & Gas Development & Utilization,china offshore oil & gas development & utilization,ownername
16047,China Offshore Oil & Gas Development & Utilization,china offshore oil & gas development & utilization,ownername
4666,CHS,chs,ownername
4692,CHS,chs,ownername
4726,Citgo,citgo,ownername
4697,Citgo,citgo,ownername
4753,Citgo,citgo,ownername
4772,Citgo,citgo,ownername
4813,Citgo,citgo,ownername
5191,CNOOC,cnooc,ownername
9652,CNOOC,cnooc,ownername
9655,CNOOC,cnooc,ownername
9720,CNOOC,cnooc,ownername
15979,CNOOC,cnooc,ownername
16128,CNOOC,cnooc,ownername
16135,CNOOC,cnooc,ownername
16144,CNOOC,cnooc,ownername
16146,CNOOC Hainan Gas,cnooc hainan gas,ownername
16146,CNOOC Hainan Gas,cnoochainangas,ownername
16146,CNOOC Hainan Gas,cnoochainan,ownername
16136,CNPC,cnpc,ownername
16147,CNPC,cnpc,ownername
16150,CNPC,cnpc,ownername
16156,CNPC,cnpc,ownername
16166,CNPC,cnpc,ownername
16169,CNPC,cnpc,ownername
16038,CNPC,cnpc,ownername
16084,CNPC,cnpc,ownername
16088,CNPC,cnpc,ownername
9634,CNPC,cnpc,ownername
9622,CNPC,cnpc,ownername
5020,CNPC,cnpc,ownername
5017,CNPC,cnpc,ownername
5010,CNPC,cnpc,ownername
5031,CNPC,cnpc,ownername
4917,CNPC,cnpc,ownername
4885,Colas Group,colas group,ownername
4885,Colas Group,colasgroup,ownername
4859,ConocoPhillips,conocophillips,ownername
4760,Continental Refining,continental refining,ownername
4760,Continental Refining,continentalrefining,ownername
4938,CORAF,coraf,ownername
5081,Cosmo Oil,cosmo oil,ownername
5081,Cosmo Oil,cosmooil,ownername
5245,Cosmo Oil,cosmo oil,ownername
5245,Cosmo Oil,cosmooil,ownername
5256,Cosmo Oil,cosmo oil,ownername
5256,Cosmo Oil,cosmooil,ownername
5240,Cosmo Oil,cosmo oil,ownername
5240,Cosmo Oil,cosmooil,ownername
5247,Cosmo Oil,cosmo oil,ownername
5247,Cosmo Oil,cosmooil,ownername
15994,Cosmo Oil,cosmo oil,ownername
15994,Cosmo Oil,cosmooil,ownername
4755,Countrymark,countrymark,ownername
5204,CPC Corp Taiwan,cpc corp taiwan,ownername
5204,CPC Corp Taiwan,cpccorptaiwan,ownername
5204,CPC Corp Taiwan,cpccorp,ownername
5207,CPC Corp Taiwan,cpc corp taiwan,ownername
5207,CPC Corp Taiwan,cpccorptaiwan,ownername
5207,CPC Corp Taiwan,cpccorp,ownername
5208,CPC Corp Taiwan,cpc corp taiwan,ownername
5208,CPC Corp Taiwan,cpccorptaiwan,ownername
5208,CPC Corp Taiwan,cpccorp,ownername
5215,CPC Corp Taiwan,cpc corp taiwan,ownername
5215,CPC Corp Taiwan,cpccorptaiwan,ownername
5215,CPC Corp Taiwan,cpccorp,ownername
4732,Cross Oil,cross oil,ownername
4732,Cross Oil,crossoil,ownername
4769,Cuba-Petroleo Company,cuba-petroleo company,ownername
4769,Cuba-Petroleo Company,cuba-petroleocompany,ownername
4838,Cuba-Petroleo Company,cuba-petroleo company,ownername
4838,Cuba-Petroleo Company,cuba-petroleocompany,ownername
5121,Cuba-Petroleo Company,cuba-petroleo company,ownername
5121,Cuba-Petroleo Company,cuba-petroleocompany,ownername
9657,Cuba-Petroleo Company,cuba-petroleo company,ownername
9657,Cuba-Petroleo Company,cuba-petroleocompany,ownername
4699,CVR Energy,cvr energy,ownername
4699,CVR Energy,cvrenergy,ownername
4706,CVR Energy,cvr energy,ownername
4706,CVR Energy,cvrenergy,ownername
16164,Dalian Haichang Group,dalian haichang group,ownername
16164,Dalian Haichang Group,dalianhaichanggroup,ownername
16164,Dalian Haichang Group,dalianhaichang,ownername
9623,DAPSA,dapsa,ownername
16158,Daqing Lianyi Petrochemical,daqing lianyi petrochemical,ownername
16158,Daqing Lianyi Petrochemical,daqinglianyipetrochemical,ownername
16158,Daqing Lianyi Petrochemical,daqinglianyi,ownername
9629,Dax Oil,dax oil,ownername
9629,Dax Oil,daxoil,ownername
4707,Delek,delek,ownername
4683,Delek,delek,ownername
4733,Delek,delek,ownername
4735,Delek,delek,ownername
4653,Delek,delek,ownername
16060,DNO ASA,dno asa,ownername
16060,DNO ASA,dnoasa,ownername
15962,Dome Energy,dome energy,ownername
15962,Dome Energy,domeenergy,ownername
16153,Dongguan Yelian Petrochemical,dongguan yelian petrochemical,ownername
16153,Dongguan Yelian Petrochemical,dongguanyelianpetrochemical,ownername
16153,Dongguan Yelian Petrochemical,dongguanyelian,ownername
16050,Dongying Hualian Petroleum & Chemical Plant,dongying hualian petroleum & chemical plant,ownername
16089,Dongying Qirun Chemical,dongying qirun chemical,ownername
16089,Dongying Qirun Chemical,dongyingqirunchemical,ownername
16089,Dongying Qirun Chemical,dongyingqirun,ownername
16000,Ecomar Energy Solutions,ecomar energy solutions,ownername
16000,Ecomar Energy Solutions,ecomarenergysolutions,ownername
16000,Ecomar Energy Solutions,ecomarenergy,ownername
4806,Ecopetrol,ecopetrol,ownername
4811,Ecopetrol,ecopetrol,ownername
4786,Ecopetrol,ecopetrol,ownername
4801,Ecopetrol,ecopetrol,ownername
4803,Ecopetrol,ecopetrol,ownername
16121,Ecopetrol,ecopetrol,ownername
9659,EGPC,egpc,ownername
5008,EGPC,egpc,ownername
5009,EGPC,egpc,ownername
5015,EGPC,egpc,ownername
5012,EGPC,egpc,ownername
5021,EGPC,egpc,ownername
5018,EGPC,egpc,ownername
5019,EGPC,egpc,ownername
7246,Emirates National Oil,emirates national oil,ownername
7246,Emirates National Oil,emiratesnationaloil,ownername
7246,Emirates National Oil,emiratesnational,ownername
4812,Empresa Nacional del Petroleo,empresa nacional del petroleo,ownername
4809,Empresa Nacional del Petroleo,empresa nacional del petroleo,ownername
4805,Empresa Nacional del Petroleo,empresa nacional del petroleo,ownername
5108,ENAR Petrotech Services,enar petrotech services,ownername
5108,ENAR Petrotech Services,enarpetrotechservices,ownername
5108,ENAR Petrotech Services,enarpetrotech,ownername
4930,ENI,eni,ownername
4952,ENI,eni,ownername
4944,ENI,eni,ownername
4919,ENI,eni,ownername
4953,ENI,eni,ownername
4961,ENI,eni,ownername
4966,ENI,eni,ownername
9664,ENI,eni,ownername
4932,Equinor,equinor,ownername
9682,Equinor,equinor,ownername
16078,Ergon,ergon,ownername
4777,Ergon,ergon,ownername
4738,Ergon,ergon,ownername
5080,ExxonMobil,exxonmobil,ownername
5169,ExxonMobil,exxonmobil,ownername
4956,ExxonMobil,exxonmobil,ownername
4918,ExxonMobil,exxonmobil,ownername
4931,ExxonMobil,exxonmobil,ownername
5033,ExxonMobil,exxonmobil,ownername
5036,ExxonMobil,exxonmobil,ownername
4873,ExxonMobil,exxonmobil,ownername
4882,ExxonMobil,exxonmobil,ownername
4895,ExxonMobil,exxonmobil,ownername
4915,ExxonMobil,exxonmobil,ownername
4900,ExxonMobil,exxonmobil,ownername
4897,ExxonMobil,exxonmobil,ownername
4737,ExxonMobil,exxonmobil,ownername
4751,ExxonMobil,exxonmobil,ownername
4730,ExxonMobil,exxonmobil,ownername
4718,ExxonMobil,exxonmobil,ownername
4714,ExxonMobil,exxonmobil,ownername
4668,ExxonMobil,exxonmobil,ownername
9698,ExxonMobil,exxonmobil,ownername
5261,ExxonMobil,exxonmobil,ownername
5080,Exxon,exxon,ownername
5169,Exxon,exxon,ownername
4956,Exxon,exxon,ownername
4918,Exxon,exxon,ownername
4931,Exxon,exxon,ownername
5033,Exxon,exxon,ownername
5036,Exxon,exxon,ownername
4873,Exxon,exxon,ownername
4882,Exxon,exxon,ownername
4895,Exxon,exxon,ownername
4915,Exxon,exxon,ownername
4900,Exxon,exxon,ownername
4897,Exxon,exxon,ownername
4737,Exxon,exxon,ownername
4751,Exxon,exxon,ownername
4730,Exxon,exxon,ownername
4718,Exxon,exxon,ownername
4714,Exxon,exxon,ownername
4668,Exxon,exxon,ownername
9698,Exxon,exxon,ownername
5261,Exxon,exxon,ownername
9658,Falcondo,falcondo,ownername
4678,Federated Co-operatives Limited,federated co-operatives limited,ownername
4678,Federated Co-operatives Limited,federatedco-operativeslimited,ownername
4678,Federated Co-operatives Limited,federatedco-operatives,ownername
4693,Flint Hills,flint hills,ownername
4693,Flint Hills,flinthills,ownername
4729,Flint Hills,flint hills,ownername
4729,Flint Hills,flinthills,ownername
4654,Foreland Refining,foreland refining,ownername
4654,Foreland Refining,forelandrefining,ownername
5205,Formosa Plastics,formosa plastics,ownername
5205,Formosa Plastics,formosaplastics,ownername
5102,ForteInvest,forteinvest,ownername
16141,Foshan Sanshui Futeng Asphalt,foshan sanshui futeng asphalt,ownername
16087,Foshan Sanshui Haishengda Road Material,foshan sanshui haishengda road material,ownername
5253,Fuji Oil Company,fuji oil company,ownername
5253,Fuji Oil Company,fujioilcompany,ownername
5253,Fuji Oil Company,fujioil,ownername
15961,Gaetano LLC,gaetano llc,ownername
15961,Gaetano LLC,gaetanollc,ownername
4854,Galp Energia,galp energia,ownername
4854,Galp Energia,galpenergia,ownername
4855,Galp Energia,galp energia,ownername
4855,Galp Energia,galpenergia,ownername
16133,Gaoqing Hongyuan Petrochemical,gaoqing hongyuan petrochemical,ownername
16133,Gaoqing Hongyuan Petrochemical,gaoqinghongyuanpetrochemical,ownername
16133,Gaoqing Hongyuan Petrochemical,gaoqinghongyuan,ownername
5062,Gazprom,gazprom,ownername
5117,Gazprom,gazprom,ownername
5120,Gazprom,gazprom,ownername
5093,Gazprom,gazprom,ownername
5032,Gazprom,gazprom,ownername
4977,Gazprom,gazprom,ownername
4978,Gazprom,gazprom,ownername
15967,Gazprom,gazprom,ownername
9613,Ghazanfar Group,ghazanfar group,ownername
9613,Ghazanfar Group,ghazanfargroup,ownername
9633,Gibson Energy,gibson energy,ownername
9633,Gibson Energy,gibsonenergy,ownername
4969,Glencore,glencore,ownername
9710,Goodway Refining,goodway refining,ownername
9710,Goodway Refining,goodwayrefining,ownername
9616,Government of Albania,government of albania,ownername
9616,Government of Albania,governmentofalbania,ownername
9616,Government of Albania,governmentof,ownername
5010,Government of Sudan,government of sudan,ownername
5010,Government of Sudan,governmentofsudan,ownername
5010,Government of Sudan,governmentof,ownername
16004,Greenergy International,greenergy international,ownername
16004,Greenergy International,greenergyinternational,ownername
4643,Greka Energy,greka energy,ownername
4643,Greka Energy,grekaenergy,ownername
4971,Grupa Lotos,grupa lotos,ownername
4971,Grupa Lotos,grupalotos,ownername
5227,GS Caltex,gs caltex,ownername
5227,GS Caltex,gscaltex,ownername
5212,Guan Sheng Group ,guan sheng group,ownername
5212,Guan Sheng Group ,guanshenggroup,ownername
5212,Guan Sheng Group ,guansheng,ownername
16049,Guangdong Tianyi Group,guangdong tianyi group,ownername
16049,Guangdong Tianyi Group,guangdongtianyigroup,ownername
16049,Guangdong Tianyi Group,guangdongtianyi,ownername
16071,Guangzhou Huahong Oil,guangzhou huahong oil,ownername
16071,Guangzhou Huahong Oil,guangzhouhuahongoil,ownername
16071,Guangzhou Huahong Oil,guangzhouhuahong,ownername
15984,Guangzhou Jiasheng Asphalt,guangzhou jiasheng asphalt,ownername
15984,Guangzhou Jiasheng Asphalt,guangzhoujiashengasphalt,ownername
15984,Guangzhou Jiasheng Asphalt,guangzhoujiasheng,ownername
16062,Gulf Petrochemical Industries Company,gulf petrochemical industries company,ownername
4935,Gunvor,gunvor,ownername
4893,Gunvor,gunvor,ownername
4928,H & R Group,h & r group,ownername
16101,H & R Group,h & r group,ownername
16069,Haike Chemical Group,haike chemical group,ownername
16069,Haike Chemical Group,haikechemicalgroup,ownername
16069,Haike Chemical Group,haikechemical,ownername
16075,Hangzhou Xinya Petrochemical,hangzhou xinya petrochemical,ownername
16075,Hangzhou Xinya Petrochemical,hangzhouxinyapetrochemical,ownername
16075,Hangzhou Xinya Petrochemical,hangzhouxinya,ownername
5230,Hanjin,hanjin,ownername
16005,Hanwha,hanwha,ownername
16117,HBOil,hboil,ownername
16100,HCS Group,hcs group,ownername
16100,HCS Group,hcsgroup,ownername
16161,Hebei Dagang PetroChemical,hebei dagang petrochemical,ownername
16161,Hebei Dagang PetroChemical,hebeidagangpetrochemical,ownername
16161,Hebei Dagang PetroChemical,hebeidagang,ownername
16130,Hebei Jinrui Petroleum & Chemical,hebei jinrui petroleum & chemical,ownername
16092,Hebei Refinery Huayou Paraffin,hebei refinery huayou paraffin,ownername
16113,Hebei Refinery Huayu Bitumen Products,hebei refinery huayu bitumen products,ownername
16154,Hebei Xinquan Petroleum & Chemical,hebei xinquan petroleum & chemical,ownername
4981,Hellenic Petroleum,hellenic petroleum,ownername
4981,Hellenic Petroleum,hellenicpetroleum,ownername
4985,Hellenic Petroleum,hellenic petroleum,ownername
4985,Hellenic Petroleum,hellenicpetroleum,ownername
4988,Hellenic Petroleum,hellenic petroleum,ownername
4988,Hellenic Petroleum,hellenicpetroleum,ownername
4989,Hellenic Petroleum,hellenic petroleum,ownername
4989,Hellenic Petroleum,hellenicpetroleum,ownername
16083,Henan Beili Petrochemical Holding,henan beili petrochemical holding,ownername
16162,Hengli Petrochemical,hengli petrochemical,ownername
16162,Hengli Petrochemical,henglipetrochemical,ownername
16003,Hess,hess,ownername
5115,Hindustan Petroleum,hindustan petroleum,ownername
5115,Hindustan Petroleum,hindustanpetroleum,ownername
5137,Hindustan Petroleum,hindustan petroleum,ownername
5137,Hindustan Petroleum,hindustanpetroleum,ownername
4677,HollyFrontier,hollyfrontier,ownername
4662,HollyFrontier,hollyfrontier,ownername
4679,HollyFrontier,hollyfrontier,ownername
4704,HollyFrontier,hollyfrontier,ownername
4702,HollyFrontier,hollyfrontier,ownername
16159,Hong Kong Bora Holdings,hong kong bora holdings,ownername
5123,HPCL-Mittal Energy Limited,hpcl-mittal energy limited,ownername
5123,HPCL-Mittal Energy Limited,hpcl-mittalenergylimited,ownername
5123,HPCL-Mittal Energy Limited,hpcl-mittalenergy,ownername
4757,Hunt Oil,hunt oil,ownername
4757,Hunt Oil,huntoil,ownername
4749,Hunt Oil,hunt oil,ownername
4749,Hunt Oil,huntoil,ownername
4761,Husky Energy,husky energy,ownername
4761,Husky Energy,huskyenergy,ownername
4763,Husky Energy,husky energy,ownername
4763,Husky Energy,huskyenergy,ownername
4665,Husky Energy,husky energy,ownername
4665,Husky Energy,huskyenergy,ownername
4633,Husky Energy,husky energy,ownername
4633,Husky Energy,huskyenergy,ownername
5224,Hyundai Oilbank,hyundai oilbank,ownername
5224,Hyundai Oilbank,hyundaioilbank,ownername
5248,Idemitsu,idemitsu,ownername
5236,Idemitsu,idemitsu,ownername
5254,Idemitsu,idemitsu,ownername
5259,Idemitsu,idemitsu,ownername
15994,Idemitsu,idemitsu,ownername
9684,Ilsky Refinery,ilsky refinery,ownername
9684,Ilsky Refinery,ilskyrefinery,ownername
4655,Imperial Oil,imperial oil,ownername
4655,Imperial Oil,imperialoil,ownername
4768,Imperial Oil,imperial oil,ownername
4768,Imperial Oil,imperialoil,ownername
4778,Imperial Oil,imperial oil,ownername
4778,Imperial Oil,imperialoil,ownername
4825,Imperial Oil,imperial oil,ownername
4825,Imperial Oil,imperialoil,ownername
4963,INA,ina,ownername
4955,INA,ina,ownername
5004,Indeni Petroleum Refinery,indeni petroleum refinery,ownername
5004,Indeni Petroleum Refinery,indenipetroleumrefinery,ownername
5004,Indeni Petroleum Refinery,indenipetroleum,ownername
5125,Indian Oil,indian oil,ownername
5125,Indian Oil,indianoil,ownername
5127,Indian Oil,indian oil,ownername
5127,Indian Oil,indianoil,ownername
5119,Indian Oil,indian oil,ownername
5119,Indian Oil,indianoil,ownername
5147,Indian Oil,indian oil,ownername
5147,Indian Oil,indianoil,ownername
5148,Indian Oil,indian oil,ownername
5148,Indian Oil,indianoil,ownername
5142,Indian Oil,indian oil,ownername
5142,Indian Oil,indianoil,ownername
5143,Indian Oil,indian oil,ownername
5143,Indian Oil,indianoil,ownername
5145,Indian Oil,indian oil,ownername
5145,Indian Oil,indianoil,ownername
5153,Indian Oil,indian oil,ownername
5153,Indian Oil,indianoil,ownername
4901,Ineos,ineos,ownername
4868,Ineos,ineos,ownername
16098,Inpex,inpex,ownername
9626,IOR,ior,ownername
4836,Ipiranga,ipiranga,ownername
4920,Iplom,iplom,ownername
5055,Iraq National Oil Company,iraq national oil company,ownername
5051,Iraq National Oil Company,iraq national oil company,ownername
5052,Iraq National Oil Company,iraq national oil company,ownername
5047,Iraq National Oil Company,iraq national oil company,ownername
5061,Iraq National Oil Company,iraq national oil company,ownername
9719,Iraq National Oil Company,iraq national oil company,ownername
9668,Iraq National Oil Company,iraq national oil company,ownername
9669,Iraq National Oil Company,iraq national oil company,ownername
9670,Iraq National Oil Company,iraq national oil company,ownername
9671,Iraq National Oil Company,iraq national oil company,ownername
9672,Iraq National Oil Company,iraq national oil company,ownername
9673,Iraq National Oil Company,iraq national oil company,ownername
5162,IRPC,irpc,ownername
4817,Irving,irving,ownername
4623,Island Energy,island energy,ownername
4623,Island Energy,islandenergy,ownername
16091,Jieyang Kangda Chemical Industry,jieyang kangda chemical industry,ownername
16064,Jinao (Hubei) Science & Technology Chemical Industry,jinao  science & technology chemical industry,ownername
16069,Jindayuan Real Estate,jindayuan real estate,ownername
16069,Jindayuan Real Estate,jindayuanrealestate,ownername
16069,Jindayuan Real Estate,jindayuanreal,ownername
16157,Jinhai Hongye (Zhenjiang) Petrochemical,jinhai hongye  petrochemical,ownername
16070,Jiyang Guangyuanfa Asphalt,jiyang guangyuanfa asphalt,ownername
16070,Jiyang Guangyuanfa Asphalt,jiyangguangyuanfaasphalt,ownername
16070,Jiyang Guangyuanfa Asphalt,jiyangguangyuanfa,ownername
5028,Jordan Petroleum Refinery,jordan petroleum refinery,ownername
5028,Jordan Petroleum Refinery,jordanpetroleumrefinery,ownername
5028,Jordan Petroleum Refinery,jordanpetroleum,ownername
15988,Jukonoil,jukonoil,ownername
5257,JX Nippon Oil,jx nippon oil,ownername
5257,JX Nippon Oil,jxnipponoil,ownername
5257,JX Nippon Oil,jxnippon,ownername
5258,JX Nippon Oil,jx nippon oil,ownername
5258,JX Nippon Oil,jxnipponoil,ownername
5258,JX Nippon Oil,jxnippon,ownername
5255,JX Nippon Oil,jx nippon oil,ownername
5255,JX Nippon Oil,jxnipponoil,ownername
5255,JX Nippon Oil,jxnippon,ownername
5252,JX Nippon Oil,jx nippon oil,ownername
5252,JX Nippon Oil,jxnipponoil,ownername
5252,JX Nippon Oil,jxnippon,ownername
5237,JX Nippon Oil,jx nippon oil,ownername
5237,JX Nippon Oil,jxnipponoil,ownername
5237,JX Nippon Oil,jxnippon,ownername
5235,JX Nippon Oil,jx nippon oil,ownername
5235,JX Nippon Oil,jxnipponoil,ownername
5235,JX Nippon Oil,jxnippon,ownername
5250,JX Nippon Oil,jx nippon oil,ownername
5250,JX Nippon Oil,jxnipponoil,ownername
5250,JX Nippon Oil,jxnippon,ownername
5242,JX Nippon Oil,jx nippon oil,ownername
5242,JX Nippon Oil,jxnipponoil,ownername
5242,JX Nippon Oil,jxnippon,ownername
5239,JX Nippon Oil,jx nippon oil,ownername
5239,JX Nippon Oil,jxnipponoil,ownername
5239,JX Nippon Oil,jxnippon,ownername
5244,JX Nippon Oil,jx nippon oil,ownername
5244,JX Nippon Oil,jxnipponoil,ownername
5244,JX Nippon Oil,jxnippon,ownername
15986,JX Nippon Oil,jx nippon oil,ownername
15986,JX Nippon Oil,jxnipponoil,ownername
15986,JX Nippon Oil,jxnippon,ownername
9612,Kam International,kam international,ownername
9612,Kam International,kaminternational,ownername
16177,KAT Group,kat group,ownername
16177,KAT Group,katgroup,ownername
9678,KBC,kbc,ownername
4645,Kern Oil & Refining,kern oil & refining,ownername
5241,Khabarovsk,khabarovsk,ownername
5017,Khartoum Refinery,khartoum refinery,ownername
5017,Khartoum Refinery,khartoumrefinery,ownername
16170,Khasan,khasan,ownername
16127,Khasan,khasan,ownername
9703,Kinder Morgan,kinder morgan,ownername
9703,Kinder Morgan,kindermorgan,ownername
4922,Klesch,klesch,ownername
4835,KNOC,knoc,ownername
4698,Koch,koch,ownername
16057,Koch,koch,ownername
15959,Kondinsky Refinery,kondinsky refinery,ownername
15959,Kondinsky Refinery,kondinskyrefinery,ownername
4891,Kuwait Petroleum,kuwait petroleum,ownername
4891,Kuwait Petroleum,kuwaitpetroleum,ownername
4961,Kuwait Petroleum,kuwait petroleum,ownername
4961,Kuwait Petroleum,kuwaitpetroleum,ownername
5063,Kuwait Petroleum,kuwait petroleum,ownername
5063,Kuwait Petroleum,kuwaitpetroleum,ownername
5064,Kuwait Petroleum,kuwait petroleum,ownername
5064,Kuwait Petroleum,kuwaitpetroleum,ownername
5065,Kuwait Petroleum,kuwait petroleum,ownername
5065,Kuwait Petroleum,kuwaitpetroleum,ownername
9676,Kyrgyzneft,kyrgyzneft,ownername
16147,Li & Fung,li & fung,ownername
16147,Li & Fung,li&fung,ownername
16147,Li & Fung,li&,ownername
16046,Liaoning Deying PetroChemical Group,liaoning deying petrochemical group,ownername
16043,Liaoning Huayou Petrochemical,liaoning huayou petrochemical,ownername
16043,Liaoning Huayou Petrochemical,liaoninghuayoupetrochemical,ownername
16043,Liaoning Huayou Petrochemical,liaoninghuayou,ownername
16053,Liaozhong County Refinery,liaozhong county refinery,ownername
16053,Liaozhong County Refinery,liaozhongcountyrefinery,ownername
16053,Liaozhong County Refinery,liaozhongcounty,ownername
16103,Lihuayi Group,lihuayi group,ownername
16103,Lihuayi Group,lihuayigroup,ownername
16114,Lingang Huarun Asphalt,lingang huarun asphalt,ownername
16114,Lingang Huarun Asphalt,linganghuarunasphalt,ownername
16114,Lingang Huarun Asphalt,linganghuarun,ownername
5098,Lukoil,lukoil,ownername
5089,Lukoil,lukoil,ownername
4957,Lukoil,lukoil,ownername
4959,Lukoil,lukoil,ownername
4960,Lukoil,lukoil,ownername
5050,Lukoil,lukoil,ownername
5053,Lukoil,lukoil,ownername
5011,Lukoil,lukoil,ownername
4992,Lukoil,lukoil,ownername
5000,Lukoil,lukoil,ownername
4889,Lukoil,lukoil,ownername
9692,Lukoil,lukoil,ownername
9693,Lukoil,lukoil,ownername
16173,Lyondellbasell,lyondellbasell,ownername
4709,Lyondellbasell,lyondellbasell,ownername
16173,Lyondell,lyondell,ownername
4709,Lyondell,lyondell,ownername
9706,Magellan Midstream Partners,magellan midstream partners,ownername
9706,Magellan Midstream Partners,magellanmidstreampartners,ownername
9706,Magellan Midstream Partners,magellanmidstream,ownername
5122,Mangalore Refinery and Petrochemicals,mangalore refinery and petrochemicals,ownername
4798,Maple Energy,maple energy,ownername
4798,Maple Energy,mapleenergy,ownername
4715,Marathon Petroleum,marathon petroleum,ownername
4715,Marathon Petroleum,marathonpetroleum,ownername
4716,Marathon Petroleum,marathon petroleum,ownername
4716,Marathon Petroleum,marathonpetroleum,ownername
4770,Marathon Petroleum,marathon petroleum,ownername
4770,Marathon Petroleum,marathonpetroleum,ownername
4764,Marathon Petroleum,marathon petroleum,ownername
4764,Marathon Petroleum,marathonpetroleum,ownername
4765,Marathon Petroleum,marathon petroleum,ownername
4765,Marathon Petroleum,marathonpetroleum,ownername
4756,Marathon Petroleum,marathon petroleum,ownername
4756,Marathon Petroleum,marathonpetroleum,ownername
4740,Marathon Petroleum,marathon petroleum,ownername
4740,Marathon Petroleum,marathonpetroleum,ownername
15994,Marubeni,marubeni,ownername
9660,Midor,midor,ownername
16106,Mingyuan Chemical,mingyuan chemical,ownername
16106,Mingyuan Chemical,mingyuanchemical,ownername
5031,Ministry of Energy and Mining of Sudan,ministry of energy and mining of sudan,ownername
15994,Mitsui,mitsui,ownername
16174,MOL,mol,ownername
4965,MOL,mol,ownername
4972,MOL,mol,ownername
4792,Monroe Energy,monroe energy,ownername
4792,Monroe Energy,monroeenergy,ownername
4741,Motiva,motiva,ownername
4739,Motiva,motiva,ownername
4720,Motiva,motiva,ownername
4986,Motor Oil Hellas,motor oil hellas,ownername
4986,Motor Oil Hellas,motoroilhellas,ownername
4986,Motor Oil Hellas,motoroil,ownername
5151,Myanmar Petrochemical Enterprise,myanmar petrochemical enterprise,ownername
5151,Myanmar Petrochemical Enterprise,myanmarpetrochemicalenterprise,ownername
5151,Myanmar Petrochemical Enterprise,myanmarpetrochemical,ownername
5152,Myanmar Petrochemical Enterprise,myanmar petrochemical enterprise,ownername
5152,Myanmar Petrochemical Enterprise,myanmarpetrochemicalenterprise,ownername
5152,Myanmar Petrochemical Enterprise,myanmarpetrochemical,ownername
9679,Myanmar Petrochemical Enterprise,myanmar petrochemical enterprise,ownername
9679,Myanmar Petrochemical Enterprise,myanmarpetrochemicalenterprise,ownername
9679,Myanmar Petrochemical Enterprise,myanmarpetrochemical,ownername
5002,Naftan,naftan,ownername
16118,Naftogaz of Ukraine,naftogaz of ukraine,ownername
16118,Naftogaz of Ukraine,naftogazofukraine,ownername
16118,Naftogaz of Ukraine,naftogazof,ownername
16125,Naftrason,naftrason,ownername
5057,National Iranian Oil,national iranian oil,ownername
5057,National Iranian Oil,nationaliranianoil,ownername
5057,National Iranian Oil,nationaliranian,ownername
5059,National Iranian Oil,national iranian oil,ownername
5059,National Iranian Oil,nationaliranianoil,ownername
5059,National Iranian Oil,nationaliranian,ownername
5094,National Iranian Oil,national iranian oil,ownername
5094,National Iranian Oil,nationaliranianoil,ownername
5094,National Iranian Oil,nationaliranian,ownername
5066,National Iranian Oil,national iranian oil,ownername
5066,National Iranian Oil,nationaliranianoil,ownername
5066,National Iranian Oil,nationaliranian,ownername
5069,National Iranian Oil,national iranian oil,ownername
5069,National Iranian Oil,nationaliranianoil,ownername
5069,National Iranian Oil,nationaliranian,ownername
5077,National Iranian Oil,national iranian oil,ownername
5077,National Iranian Oil,nationaliranianoil,ownername
5077,National Iranian Oil,nationaliranian,ownername
5078,National Iranian Oil,national iranian oil,ownername
5078,National Iranian Oil,nationaliranianoil,ownername
5078,National Iranian Oil,nationaliranian,ownername
5084,National Iranian Oil,national iranian oil,ownername
5084,National Iranian Oil,nationaliranianoil,ownername
5084,National Iranian Oil,nationaliranian,ownername
5087,National Iranian Oil,national iranian oil,ownername
5087,National Iranian Oil,nationaliranianoil,ownername
5087,National Iranian Oil,nationaliranian,ownername
15996,National Iranian Oil,national iranian oil,ownername
15996,National Iranian Oil,nationaliranianoil,ownername
15996,National Iranian Oil,nationaliranian,ownername
15993,National Iranian Oil,national iranian oil,ownername
15993,National Iranian Oil,nationaliranianoil,ownername
15993,National Iranian Oil,nationaliranian,ownername
4990,National Oil Corporation,national oil corporation,ownername
4990,National Oil Corporation,nationaloilcorporation,ownername
4990,National Oil Corporation,nationaloil,ownername
4975,National Oil Corporation,national oil corporation,ownername
4975,National Oil Corporation,nationaloilcorporation,ownername
4975,National Oil Corporation,nationaloil,ownername
4970,National Oil Corporation,national oil corporation,ownername
4970,National Oil Corporation,nationaloilcorporation,ownername
4970,National Oil Corporation,nationaloil,ownername
4980,National Oil Corporation,national oil corporation,ownername
4980,National Oil Corporation,nationaloilcorporation,ownername
4980,National Oil Corporation,nationaloil,ownername
4946,National Oil Corporation,national oil corporation,ownername
4946,National Oil Corporation,nationaloilcorporation,ownername
4946,National Oil Corporation,nationaloil,ownername
5109,National Refinery Limited,national refinery limited,ownername
5109,National Refinery Limited,nationalrefinerylimited,ownername
5109,National Refinery Limited,nationalrefinery,ownername
4871,Nayara,nayara,ownername
5112,Nayara,nayara,ownername
5037,NefteGazIndustriya,neftegazindustriya,ownername
7138,Neopetro,neopetro,ownername
4983,Neste,neste,ownername
4993,Neste,neste,ownername
15990,Neste,neste,ownername
9685,New Stream Group,new stream group,ownername
9685,New Stream Group,newstreamgroup,ownername
9685,New Stream Group,newstream,ownername
5106,New Stream Group,new stream group,ownername
5106,New Stream Group,newstreamgroup,ownername
5106,New Stream Group,newstream,ownername
4829,Nidera Argentina SA,nidera argentina sa,ownername
4829,Nidera Argentina SA,nideraargentinasa,ownername
4829,Nidera Argentina SA,nideraargentina,ownername
16006,Niger Delta Petroleum Resources,niger delta petroleum resources,ownername
4904,Nigerian National Petroleum,nigerian national petroleum,ownername
4904,Nigerian National Petroleum,nigeriannationalpetroleum,ownername
4904,Nigerian National Petroleum,nigeriannational,ownername
4912,Nigerian National Petroleum,nigerian national petroleum,ownername
4912,Nigerian National Petroleum,nigeriannationalpetroleum,ownername
4912,Nigerian National Petroleum,nigeriannational,ownername
4914,Nigerian National Petroleum,nigerian national petroleum,ownername
4914,Nigerian National Petroleum,nigeriannationalpetroleum,ownername
4914,Nigerian National Petroleum,nigeriannational,ownername
16184,Nile Petroleum,nile petroleum,ownername
16184,Nile Petroleum,nilepetroleum,ownername
15965,Noble Group,noble group,ownername
15965,Noble Group,noblegroup,ownername
15952,Noble Group,noble group,ownername
15952,Noble Group,noblegroup,ownername
16179,North Refineries,north refineries,ownername
16179,North Refineries,northrefineries,ownername
16176,North Refineries,north refineries,ownername
16176,North Refineries,northrefineries,ownername
9686,Novatek,novatek,ownername
5150,Numaligarh Refinery,numaligarh refinery,ownername
5150,Numaligarh Refinery,numaligarhrefinery,ownername
4773,NuStar,nustar,ownername
4870,Nynas,nynas,ownername
4929,Nynas,nynas,ownername
4967,Nynas,nynas,ownername
9697,Nynas,nynas,ownername
16186,Oil & Gas Development,oil & gas development,ownername
5136,Oil and Natural Gas Corporation Limited,oil and natural gas corporation limited,ownername
4624,Oil Combustibles S.A.,oil combustibles s.a.,ownername
4624,Oil Combustibles S.A.,oilcombustibless.a.,ownername
4624,Oil Combustibles S.A.,oilcombustibles,ownername
4894,OilTanking,oiltanking,ownername
5100,Oman Refineries And Petrochemicals,oman refineries and petrochemicals,ownername
5101,Oman Refineries And Petrochemicals,oman refineries and petrochemicals,ownername
6958,Oman Refineries And Petrochemicals,oman refineries and petrochemicals,ownername
4994,OMV,omv,ownername
4964,OMV,omv,ownername
4947,OMV,omv,ownername
4819,Oro Negro,oro negro,ownername
4819,Oro Negro,oronegro,ownername
5243,Osaka Gas,osaka gas,ownername
5243,Osaka Gas,osakagas,ownername
5110,Pakistan Arab Refinery Company,pakistan arab refinery company,ownername
5114,Pakistan Arab Refinery Company,pakistan arab refinery company,ownername
4828,Pampa Energia,pampa energia,ownername
4828,Pampa Energia,pampaenergia,ownername
16151,Panjin Hongye Group,panjin hongye group,ownername
16151,Panjin Hongye Group,panjinhongyegroup,ownername
16151,Panjin Hongye Group,panjinhongye,ownername
16080,Panjin Liaotong Chemical,panjin liaotong chemical,ownername
16080,Panjin Liaotong Chemical,panjinliaotongchemical,ownername
16080,Panjin Liaotong Chemical,panjinliaotong,ownername
16109,Panjin Taipinghe Asphalt,panjin taipinghe asphalt,ownername
16109,Panjin Taipinghe Asphalt,panjintaipingheasphalt,ownername
16109,Panjin Taipinghe Asphalt,panjintaipinghe,ownername
16074,Panjin Xingda Group,panjin xingda group,ownername
16074,Panjin Xingda Group,panjinxingdagroup,ownername
16074,Panjin Xingda Group,panjinxingda,ownername
16111,Panlong Petrochemical,panlong petrochemical,ownername
16111,Panlong Petrochemical,panlongpetrochemical,ownername
4625,Par Pacific Holdings,par pacific holdings,ownername
4625,Par Pacific Holdings,parpacificholdings,ownername
4625,Par Pacific Holdings,parpacific,ownername
4680,Par Pacific Holdings,par pacific holdings,ownername
4680,Par Pacific Holdings,parpacificholdings,ownername
4680,Par Pacific Holdings,parpacific,ownername
4962,Paramo,paramo,ownername
16185,Pars Behin Playeshe Nafte Qeshm,pars behin playeshe nafte qeshm,ownername
5025,PAZ,paz,ownername
4647,PBF Energy,pbf energy,ownername
4647,PBF Energy,pbfenergy,ownername
4746,PBF Energy,pbf energy,ownername
4746,PBF Energy,pbfenergy,ownername
4762,PBF Energy,pbf energy,ownername
4762,PBF Energy,pbfenergy,ownername
4793,PBF Energy,pbf energy,ownername
4793,PBF Energy,pbfenergy,ownername
4790,PBF Energy,pbf energy,ownername
4790,PBF Energy,pbfenergy,ownername
4787,PDVSA,pdvsa,ownername
4820,PDVSA,pdvsa,ownername
4821,PDVSA,pdvsa,ownername
4822,PDVSA,pdvsa,ownername
4823,PDVSA,pdvsa,ownername
4807,PDVSA,pdvsa,ownername
4721,PDVSA,pdvsa,ownername
4934,PDVSA,pdvsa,ownername
5116,PDVSA,pdvsa,ownername
5121,PDVSA,pdvsa,ownername
5088,PDVSA,pdvsa,ownername
9714,PDVSA,pdvsa,ownername
9715,PDVSA,pdvsa,ownername
9716,PDVSA,pdvsa,ownername
15990,PDVSA,pdvsa,ownername
16001,Pelican Refining,pelican refining,ownername
16001,Pelican Refining,pelicanrefining,ownername
5001,Pemex,pemex,ownername
4685,Pemex,pemex,ownername
4687,Pemex,pemex,ownername
4688,Pemex,pemex,ownername
4795,Pemex,pemex,ownername
4902,Pemex,pemex,ownername
15982,Penglai Anbang Petrochemical,penglai anbang petrochemical,ownername
15982,Penglai Anbang Petrochemical,penglaianbangpetrochemical,ownername
15982,Penglai Anbang Petrochemical,penglaianbang,ownername
15945,Perenco,perenco,ownername
5233,Pertamina,pertamina,ownername
16124,Pertamina,pertamina,ownername
5155,Pertamina,pertamina,ownername
5163,Pertamina,pertamina,ownername
5195,Pertamina,pertamina,ownername
5185,Pertamina,pertamina,ownername
5173,Pertamina,pertamina,ownername
5175,Pertamina,pertamina,ownername
5178,Pertamina,pertamina,ownername
4827,Petro Gas,petro gas,ownername
4827,Petro Gas,petrogas,ownername
4629,Petro Star,petro star,ownername
4629,Petro Star,petrostar,ownername
4630,Petro Star,petro star,ownername
4630,Petro Star,petrostar,ownername
4710,Petrobras,petrobras,ownername
4830,Petrobras,petrobras,ownername
4839,Petrobras,petrobras,ownername
4840,Petrobras,petrobras,ownername
4841,Petrobras,petrobras,ownername
4842,Petrobras,petrobras,ownername
4843,Petrobras,petrobras,ownername
4844,Petrobras,petrobras,ownername
4845,Petrobras,petrobras,ownername
4847,Petrobras,petrobras,ownername
4848,Petrobras,petrobras,ownername
4849,Petrobras,petrobras,ownername
4837,Petrobras,petrobras,ownername
5228,Petrobras,petrobras,ownername
9630,Petrobras,petrobras,ownername
5225,PetroChina,petrochina,ownername
5219,PetroChina,petrochina,ownername
5220,PetroChina,petrochina,ownername
5222,PetroChina,petrochina,ownername
5223,PetroChina,petrochina,ownername
5214,PetroChina,petrochina,ownername
9650,PetroChina,petrochina,ownername
9651,PetroChina,petrochina,ownername
9643,PetroChina,petrochina,ownername
9644,PetroChina,petrochina,ownername
9641,PetroChina,petrochina,ownername
9635,PetroChina,petrochina,ownername
9636,PetroChina,petrochina,ownername
9637,PetroChina,petrochina,ownername
9638,PetroChina,petrochina,ownername
9639,PetroChina,petrochina,ownername
4868,PetroChina,petrochina,ownername
5176,PetroChina,petrochina,ownername
5211,PetroChina,petrochina,ownername
5168,PetroChina,petrochina,ownername
5139,PetroChina,petrochina,ownername
5144,PetroChina,petrochina,ownername
16076,PetroChina Jiangsu Xingneng Asphalt,petrochina jiangsu xingneng asphalt,ownername
4788,Petroecuador,petroecuador,ownername
4776,Petroecuador,petroecuador,ownername
4779,Petroecuador,petroecuador,ownername
4787,Petrojam,petrojam,ownername
5111,Petrokazakhstan,petrokazakhstan,ownername
9707,Petromax,petromax,ownername
16122,Petromax,petromax,ownername
5210,Petron,petron,ownername
5189,Petronas,petronas,ownername
5166,Petronas,petronas,ownername
5167,Petronas,petronas,ownername
5014,Petronas,petronas,ownername
10786,Petronas,petronas,ownername
15999,Petronas,petronas,ownername
15953,PetroNeft Resources,petroneft resources,ownername
15953,PetroNeft Resources,petroneftresources,ownername
4782,Petroperu,petroperu,ownername
4785,Petroperu,petroperu,ownername
4804,Petroperu,petroperu,ownername
4771,Petroperu,petroperu,ownername
16172,Petroplus,petroplus,ownername
4969,PetroSA,petrosa,ownername
5030,Petrotrin,petrotrin,ownername
5177,PetroVietnam,petrovietnam,ownername
16099,PetroVietnam,petrovietnam,ownername
9708,Phillips 66,phillips 66,ownername
9708,Phillips 66,phillips66,ownername
4743,Phillips 66,phillips 66,ownername
4743,Phillips 66,phillips66,ownername
4745,Phillips 66,phillips 66,ownername
4745,Phillips 66,phillips66,ownername
4705,Phillips 66,phillips 66,ownername
4705,Phillips 66,phillips66,ownername
4701,Phillips 66,phillips 66,ownername
4701,Phillips 66,phillips66,ownername
4728,Phillips 66,phillips 66,ownername
4728,Phillips 66,phillips66,ownername
4639,Phillips 66,phillips 66,ownername
4639,Phillips 66,phillips66,ownername
4634,Phillips 66,phillips 66,ownername
4634,Phillips 66,phillips66,ownername
4648,Phillips 66,phillips 66,ownername
4648,Phillips 66,phillips66,ownername
4650,Phillips 66,phillips 66,ownername
4650,Phillips 66,phillips66,ownername
4684,Phillips 66,phillips 66,ownername
4684,Phillips 66,phillips66,ownername
4667,Phillips 66,phillips 66,ownername
4667,Phillips 66,phillips66,ownername
4800,Phillips 66,phillips 66,ownername
4800,Phillips 66,phillips66,ownername
4774,Phillips 66,phillips 66,ownername
4774,Phillips 66,phillips66,ownername
4775,Phillips 66,phillips 66,ownername
4775,Phillips 66,phillips66,ownername
4915,Phillips 66,phillips 66,ownername
4915,Phillips 66,phillips66,ownername
4877,Phillips 66,phillips 66,ownername
4877,Phillips 66,phillips66,ownername
16180,Piroozi Oil and Gas Refinery,piroozi oil and gas refinery,ownername
4979,PKN Orlen,pkn orlen,ownername
4979,PKN Orlen,pknorlen,ownername
4976,PKN Orlen,pkn orlen,ownername
4976,PKN Orlen,pknorlen,ownername
4736,Placid Refining Company,placid refining company,ownername
4736,Placid Refining Company,placidrefiningcompany,ownername
4736,Placid Refining Company,placidrefining,ownername
15987,Platon Gas Oil Ghana,platon gas oil ghana,ownername
4933,Preem,preem,ownername
4937,Preem,preem,ownername
16119,PT Tri Wahana Universal,pt tri wahana universal,ownername
5159,PTT Aromatics and Refining Public Company,ptt aromatics and refining public company,ownername
5160,PTT Aromatics and Refining Public Company,ptt aromatics and refining public company,ownername
9700,PTT Aromatics and Refining Public Company,ptt aromatics and refining public company,ownername
4831,PTT Public Company Limited,ptt public company limited,ownername
4759,Puma Energy,puma energy,ownername
4759,Puma Energy,pumaenergy,ownername
5262,Puma Energy,puma energy,ownername
5262,Puma Energy,pumaenergy,ownername
9674,Qaiwan Group,qaiwan group,ownername
9674,Qaiwan Group,qaiwangroup,ownername
15994,Qatar Petroleum,qatar petroleum,ownername
15994,Qatar Petroleum,qatarpetroleum,ownername
5080,Qatar Petroleum,qatar petroleum,ownername
5080,Qatar Petroleum,qatarpetroleum,ownername
5081,Qatar Petroleum,qatar petroleum,ownername
5081,Qatar Petroleum,qatarpetroleum,ownername
5079,Qatar Petroleum,qatar petroleum,ownername
5079,Qatar Petroleum,qatarpetroleum,ownername
16168,Qianhai Petroleum & Chemical Group,qianhai petroleum & chemical group,ownername
15977,Qihua Group,qihua group,ownername
15977,Qihua Group,qihuagroup,ownername
16137,Qinhuangdao PetroChina Petrochemical,qinhuangdao petrochina petrochemical,ownername
16137,Qinhuangdao PetroChina Petrochemical,qinhuangdaopetrochinapetrochemical,ownername
16137,Qinhuangdao PetroChina Petrochemical,qinhuangdaopetrochina,ownername
16152,Qinhuangdao Yuandong Petroleum Refinery,qinhuangdao yuandong petroleum refinery,ownername
4998,Rafo,rafo,ownername
4781,Red Apple Group,red apple group,ownername
4781,Red Apple Group,redapplegroup,ownername
4781,Red Apple Group,redapple,ownername
5135,Refinadora Costarricense de Petroleo,refinadora costarricense de petroleo,ownername
4846,Refinaria de Petroleos de Manguinhos,refinaria de petroleos de manguinhos,ownername
4997,Refineria Dominicana de Petroleo SA,refineria dominicana de petroleo sa,ownername
5266,Refining New Zealand,refining new zealand,ownername
5266,Refining New Zealand,refiningnewzealand,ownername
5266,Refining New Zealand,refiningnew,ownername
9667,Reliance,reliance,ownername
5113,Reliance,reliance,ownername
4784,Repsol,repsol,ownername
4883,Repsol,repsol,ownername
4869,Repsol,repsol,ownername
4866,Repsol,repsol,ownername
4874,Repsol,repsol,ownername
4857,Repsol,repsol,ownername
15989,Repsol,repsol,ownername
5003,Rompetrol,rompetrol,ownername
5035,Rosneft,rosneft,ownername
5056,Rosneft,rosneft,ownername
5044,Rosneft,rosneft,ownername
5040,Rosneft,rosneft,ownername
4952,Rosneft,rosneft,ownername
5124,Rosneft,rosneft,ownername
5071,Rosneft,rosneft,ownername
5074,Rosneft,rosneft,ownername
5067,Rosneft,rosneft,ownername
5140,Rosneft,rosneft,ownername
5146,Rosneft,rosneft,ownername
5172,Rosneft,rosneft,ownername
5185,Rosneft,rosneft,ownername
4915,Rosneft,rosneft,ownername
15955,Rosneft,rosneft,ownername
15958,Rosneft,rosneft,ownername
15967,Rosneft,rosneft,ownername
9715,Rosneft,rosneft,ownername
9664,Rosneft,rosneft,ownername
16182,RTS Oil,rts oil,ownername
16182,RTS Oil,rtsoil,ownername
4730,Rubis,rubis,ownername
16090,Ruifeng Petroleum Chemical Holdings,ruifeng petroleum chemical holdings,ownername
5038,Russneft,russneft,ownername
16184,Safinat Group,safinat group,ownername
16184,Safinat Group,safinatgroup,ownername
15995,Saigon Petro,saigon petro,ownername
15995,Saigon Petro,saigonpetro,ownername
15966,Sakhalin Energy Investment,sakhalin energy investment,ownername
15966,Sakhalin Energy Investment,sakhalinenergyinvestment,ownername
15966,Sakhalin Energy Investment,sakhalinenergy,ownername
4861,SAMIR,samir,ownername
16188,San Joaquin Refining,san joaquin refining,ownername
16188,San Joaquin Refining,sanjoaquinrefining,ownername
16188,San Joaquin Refining,sanjoaquin,ownername
4921,Saras SPA,saras spa,ownername
4921,Saras SPA,sarasspa,ownername
9696,Sasol,sasol,ownername
5234,Seibu Shipping,seibu shipping,ownername
5234,Seibu Shipping,seibushipping,ownername
16072,Shaanxi Shuangyi Petrochemical,shaanxi shuangyi petrochemical,ownername
16072,Shaanxi Shuangyi Petrochemical,shaanxishuangyipetrochemical,ownername
16072,Shaanxi Shuangyi Petrochemical,shaanxishuangyi,ownername
16107,Shaanxi Yanchang Petroleum,shaanxi yanchang petroleum,ownername
16107,Shaanxi Yanchang Petroleum,shaanxiyanchangpetroleum,ownername
16107,Shaanxi Yanchang Petroleum,shaanxiyanchang,ownername
16041,Shandong Binhua Group,shandong binhua group,ownername
16041,Shandong Binhua Group,shandongbinhuagroup,ownername
16041,Shandong Binhua Group,shandongbinhua,ownername
16048,Shandong Chambroad Petrochemicals,shandong chambroad petrochemicals,ownername
16048,Shandong Chambroad Petrochemicals,shandongchambroadpetrochemicals,ownername
16048,Shandong Chambroad Petrochemicals,shandongchambroad,ownername
16037,Shandong Chengda New Energy Technology,shandong chengda new energy technology,ownername
16167,Shandong Dongfang Hualong Industry and Trading,shandong dongfang hualong industry and trading,ownername
16132,Shandong Donghao Petrochemical,shandong donghao petrochemical,ownername
16132,Shandong Donghao Petrochemical,shandongdonghaopetrochemical,ownername
16132,Shandong Donghao Petrochemical,shandongdonghao,ownername
16139,Shandong Dongming Petrochemical Group,shandong dongming petrochemical group,ownername
16077,Shandong Dongming Petrochemical Group,shandong dongming petrochemical group,ownername
16042,Shandong Haiyou Petrochemical Group,shandong haiyou petrochemical group,ownername
16134,Shandong Hengyuan Petrochemical,shandong hengyuan petrochemical,ownername
16134,Shandong Hengyuan Petrochemical,shandonghengyuanpetrochemical,ownername
16134,Shandong Hengyuan Petrochemical,shandonghengyuan,ownername
16155,Shandong Hi-Tech Chemical Group,shandong hi-tech chemical group,ownername
16039,Shandong Huifeng Petroleum & Chemical Group,shandong huifeng petroleum & chemical group,ownername
16044,Shandong Jincheng Petrochemical Group,shandong jincheng petrochemical group,ownername
16068,Shandong Jingbo Petrochemical,shandong jingbo petrochemical,ownername
16068,Shandong Jingbo Petrochemical,shandongjingbopetrochemical,ownername
16068,Shandong Jingbo Petrochemical,shandongjingbo,ownername
16143,Shandong Qingyuan Petrochemical,shandong qingyuan petrochemical,ownername
16143,Shandong Qingyuan Petrochemical,shandongqingyuanpetrochemical,ownername
16143,Shandong Qingyuan Petrochemical,shandongqingyuan,ownername
15978,Shandong Shenchi Chemical,shandong shenchi chemical,ownername
15978,Shandong Shenchi Chemical,shandongshenchichemical,ownername
15978,Shandong Shenchi Chemical,shandongshenchi,ownername
16067,Shandong Shengkai Petrochemical,shandong shengkai petrochemical,ownername
16067,Shandong Shengkai Petrochemical,shandongshengkaipetrochemical,ownername
16067,Shandong Shengkai Petrochemical,shandongshengkai,ownername
16140,Shandong Shengkai Petrochemical,shandong shengkai petrochemical,ownername
16140,Shandong Shengkai Petrochemical,shandongshengkaipetrochemical,ownername
16140,Shandong Shengkai Petrochemical,shandongshengkai,ownername
16131,Shandong Shengkai Petrochemical,shandong shengkai petrochemical,ownername
16131,Shandong Shengkai Petrochemical,shandongshengkaipetrochemical,ownername
16131,Shandong Shengkai Petrochemical,shandongshengkai,ownername
16097,Shandong Shida Technology Group,shandong shida technology group,ownername
16104,Shandong Tianhong Energy Chemical,shandong tianhong energy chemical,ownername
16094,Shandong Wantong Petrochemical Group,shandong wantong petrochemical group,ownername
16073,Shandong Wantong Petrochemical Group,shandong wantong petrochemical group,ownername
16063,Shandong Yuhuang Chemical,shandong yuhuang chemical,ownername
16063,Shandong Yuhuang Chemical,shandongyuhuangchemical,ownername
16063,Shandong Yuhuang Chemical,shandongyuhuang,ownername
16108,Shandong Yuhuang Chemical,shandong yuhuang chemical,ownername
16108,Shandong Yuhuang Chemical,shandongyuhuangchemical,ownername
16108,Shandong Yuhuang Chemical,shandongyuhuang,ownername
16144,Shanghai Chemical Industry Group,shanghai chemical industry group,ownername
5092,Sharjah Oil,sharjah oil,ownername
5092,Sharjah Oil,sharjahoil,ownername
5070,Shell,shell,ownername
5164,Shell,shell,ownername
5171,Shell,shell,ownername
5024,Shell,shell,ownername
5013,Shell,shell,ownername
4916,Shell,shell,ownername
4925,Shell,shell,ownername
4952,Shell,shell,ownername
4712,Shell,shell,ownername
4752,Shell,shell,ownername
4657,Shell,shell,ownername
4641,Shell,shell,ownername
4636,Shell,shell,ownername
4915,Shell,shell,ownername
4908,Shell,shell,ownername
4898,Shell,shell,ownername
4853,Shell,shell,ownername
5232,Shell,shell,ownername
5213,Shell,shell,ownername
5246,Shell,shell,ownername
5260,Shell,shell,ownername
9632,Shell,shell,ownername
9625,Shell,shell,ownername
9705,Shell,shell,ownername
9663,Shell,shell,ownername
15990,Shell,shell,ownername
16004,Shell,shell,ownername
15981,Shengyang Jingfa Bitumen,shengyang jingfa bitumen,ownername
15981,Shengyang Jingfa Bitumen,shengyangjingfabitumen,ownername
15981,Shengyang Jingfa Bitumen,shengyangjingfa,ownername
16115,Shenxian Huaxiang Petrochemical,shenxian huaxiang petrochemical,ownername
16115,Shenxian Huaxiang Petrochemical,shenxianhuaxiangpetrochemical,ownername
16115,Shenxian Huaxiang Petrochemical,shenxianhuaxiang,ownername
16079,Shouguang Lianmeng Petrochemical,shouguang lianmeng petrochemical,ownername
16079,Shouguang Lianmeng Petrochemical,shouguanglianmengpetrochemical,ownername
16079,Shouguang Lianmeng Petrochemical,shouguanglianmeng,ownername
16078,Sichuan Road & Bridge,sichuan road & bridge,ownername
15980,Sichuan Shengma Chemical Industry Stock,sichuan shengma chemical industry stock,ownername
16045,Sichuan Shengma Chemical Industry Stock,sichuan shengma chemical industry stock,ownername
4664,Silver Eagle Refining Company,silver eagle refining company,ownername
4660,Silver Eagle Refining Company,silver eagle refining company,ownername
4673,Sinclair Oil Corp,sinclair oil corp,ownername
4673,Sinclair Oil Corp,sinclairoilcorp,ownername
4673,Sinclair Oil Corp,sinclairoil,ownername
4670,Sinclair Oil Corp,sinclair oil corp,ownername
4670,Sinclair Oil Corp,sinclairoilcorp,ownername
4670,Sinclair Oil Corp,sinclairoil,ownername
5170,Singapore Refining Company,singapore refining company,ownername
5170,Singapore Refining Company,singaporerefiningcompany,ownername
5170,Singapore Refining Company,singaporerefining,ownername
16120,Sinochem,sinochem,ownername
16086,Sinopec,sinopec,ownername
9640,Sinopec,sinopec,ownername
9642,Sinopec,sinopec,ownername
9645,Sinopec,sinopec,ownername
9646,Sinopec,sinopec,ownername
9647,Sinopec,sinopec,ownername
9648,Sinopec,sinopec,ownername
9649,Sinopec,sinopec,ownername
7222,Sinopec,sinopec,ownername
5216,Sinopec,sinopec,ownername
5217,Sinopec,sinopec,ownername
5218,Sinopec,sinopec,ownername
5186,Sinopec,sinopec,ownername
5187,Sinopec,sinopec,ownername
5188,Sinopec,sinopec,ownername
5190,Sinopec,sinopec,ownername
5179,Sinopec,sinopec,ownername
5182,Sinopec,sinopec,ownername
5183,Sinopec,sinopec,ownername
5209,Sinopec,sinopec,ownername
5193,Sinopec,sinopec,ownername
5194,Sinopec,sinopec,ownername
5196,Sinopec,sinopec,ownername
5197,Sinopec,sinopec,ownername
5198,Sinopec,sinopec,ownername
5200,Sinopec,sinopec,ownername
5201,Sinopec,sinopec,ownername
5203,Sinopec,sinopec,ownername
5034,Sinopec,sinopec,ownername
5226,SK,sk,ownername
5229,SK,sk,ownername
5045,Slavneft,slavneft,ownername
5005,Slavneft,slavneft,ownername
15956,Slavyansk Eko,slavyansk eko,ownername
15956,Slavyansk Eko,slavyanskeko,ownername
5072,Socar,socar,ownername
5073,Socar,socar,ownername
4850,Societe Africaine de Raffinage,societe africaine de raffinage,ownername
4867,Societe Ivoirienne de Raffinage,societe ivoirienne de raffinage,ownername
4950,Sonangol Group,sonangol group,ownername
4950,Sonangol Group,sonangolgroup,ownername
4948,Sonangol Group,sonangol group,ownername
4948,Sonangol Group,sonangolgroup,ownername
15992,Sonangol Group,sonangol group,ownername
15992,Sonangol Group,sonangolgroup,ownername
4923,Sonara,sonara,ownername
4907,Sonatrach,sonatrach,ownername
4875,Sonatrach,sonatrach,ownername
4905,Sonatrach,sonatrach,ownername
4887,Sonatrach,sonatrach,ownername
9622,Sonatrach,sonatrach,ownername
9617,Sonatrach,sonatrach,ownername
16175,South Refineries,south refineries,ownername
16175,South Refineries,southrefineries,ownername
4940,St1 Energy,st1 energy,ownername
4940,St1 Energy,st1energy,ownername
4834,Staatsolie Maatschappij Suriname N.V.,staatsolie maatschappij suriname n.v.,ownername
9683,Steaua Romana,steaua romana,ownername
9683,Steaua Romana,steauaromana,ownername
5039,Sumitomo Chemical,sumitomo chemical,ownername
5039,Sumitomo Chemical,sumitomochemical,ownername
4780,Suncor,suncor,ownername
4802,Suncor,suncor,ownername
4675,Suncor,suncor,ownername
4656,Suncor,suncor,ownername
4767,Suncor,suncor,ownername
4797,Sunoco,sunoco,ownername
4791,Sunoco,sunoco,ownername
5016,Surgutneftegas,surgutneftegas,ownername
5029,Syrian Petroleum Company,syrian petroleum company,ownername
5029,Syrian Petroleum Company,syrianpetroleumcompany,ownername
5029,Syrian Petroleum Company,syrianpetroleum,ownername
9688,TAIF Group,taif group,ownername
9688,TAIF Group,taifgroup,ownername
5238,Taiyo Oil,taiyo oil,ownername
5238,Taiyo Oil,taiyooil,ownername
16047,Taizhou Dongtai PetroChemical,taizhou dongtai petrochemical,ownername
16047,Taizhou Dongtai PetroChemical,taizhoudongtaipetrochemical,ownername
16047,Taizhou Dongtai PetroChemical,taizhoudongtai,ownername
4927,Tamoil,tamoil,ownername
4906,Tamoil,tamoil,ownername
15985,Targa Resources,targa resources,ownername
15985,Targa Resources,targaresources,ownername
9689,Tatneft,tatneft,ownername
15968,Tatneft,tatneft,ownername
4880,Tema Oil Refinery,tema oil refinery,ownername
4880,Tema Oil Refinery,temaoilrefinery,ownername
4880,Tema Oil Refinery,temaoil,ownername
5157,Thai Oil,thai oil,ownername
5157,Thai Oil,thaioil,ownername
4926,The Tunisian Company for Refining Industries,the tunisian company for refining industries,ownername
5251,TOA OIL,toa oil,ownername
5251,TOA OIL,toaoil,ownername
15962,Tomsk Refining,tomsk refining,ownername
15962,Tomsk Refining,tomskrefining,ownername
9695,Total,total,ownername
9696,Total,total,ownername
15994,Total,total,ownername
16005,Total,total,ownername
4924,Total,total,ownername
4916,Total,total,ownername
4918,Total,total,ownername
4942,Total,total,ownername
4945,Total,total,ownername
5070,Total,total,ownername
5081,Total,total,ownername
5080,Total,total,ownername
4881,Total,total,ownername
4884,Total,total,ownername
4886,Total,total,ownername
4896,Total,total,ownername
4889,Total,total,ownername
4899,Total,total,ownername
4903,Total,total,ownername
4876,Total,total,ownername
4872,Total,total,ownername
4730,Total,total,ownername
4722,Total,total,ownername
4748,Trafigura,trafigura,ownername
15992,Trafigura,trafigura,ownername
4638,TrailStone,trailstone,ownername
5046,Tupras,tupras,ownername
5023,Tupras,tupras,ownername
5007,Tupras,tupras,ownername
4999,Tupras,tupras,ownername
5024,Turcas,turcas,ownername
5086,Turkmenistan State,turkmenistan state,ownername
5086,Turkmenistan State,turkmenistanstate,ownername
5103,Turkmenistan State,turkmenistan state,ownername
5103,Turkmenistan State,turkmenistanstate,ownername
5022,Ukrtatnafta,ukrtatnafta,ownername
4987,Ukrtatnafta,ukrtatnafta,ownername
4991,Ukrtatnafta,ukrtatnafta,ownername
4954,Unipetrol,unipetrol,ownername
4951,Unipetrol,unipetrol,ownername
16081,Unity Strength,unity strength,ownername
16081,Unity Strength,unitystrength,ownername
9631,Univen Petroleo,univen petroleo,ownername
9631,Univen Petroleo,univenpetroleo,ownername
15966,Urals Energy PCL,urals energy pcl,ownername
15966,Urals Energy PCL,uralsenergypcl,ownername
15966,Urals Energy PCL,uralsenergy,ownername
15970,Urals Energy PCL,urals energy pcl,ownername
15970,Urals Energy PCL,uralsenergypcl,ownername
15970,Urals Energy PCL,uralsenergy,ownername
9711,Uzbekneftegaz,uzbekneftegaz,ownername
9712,Uzbekneftegaz,uzbekneftegaz,ownername
9713,Uzbekneftegaz,uzbekneftegaz,ownername
4640,Valero,valero,ownername
4682,Valero,valero,ownername
4690,Valero,valero,ownername
4694,Valero,valero,ownername
4695,Valero,valero,ownername
4744,Valero,valero,ownername
4747,Valero,valero,ownername
4742,Valero,valero,ownername
4719,Valero,valero,ownername
4708,Valero,valero,ownername
4717,Valero,valero,ownername
4700,Valero,valero,ownername
4865,Valero,valero,ownername
4810,Valero,valero,ownername
9702,Valero,valero,ownername
9709,Valero,valero,ownername
9664,Varo,varo,ownername
4909,Varo,varo,ownername
4892,Vitol,vitol,ownername
5099,Vitol,vitol,ownername
9627,Vitol,vitol,ownername
16102,Vitol,vitol,ownername
15969,Volkhov-Eko,volkhov-eko,ownername
16004,Vopak,vopak,ownername
15957,VPK-Oil,vpk-oil,ownername
4789,Western Refining,western refining,ownername
4789,Western Refining,westernrefining,ownername
16002,World Energy LLC,world energy llc,ownername
16002,World Energy LLC,worldenergyllc,ownername
16002,World Energy LLC,worldenergy,ownername
4652,World Oil,world oil,ownername
4652,World Oil,worldoil,ownername
16096,Wudi Xinyue Chemical,wudi xinyue chemical,ownername
16096,Wudi Xinyue Chemical,wudixinyuechemical,ownername
16096,Wudi Xinyue Chemical,wudixinyue,ownername
16069,Xindu Group,xindu group,ownername
16069,Xindu Group,xindugroup,ownername
16181,Xinjiang International Industry,xinjiang international industry,ownername
16181,Xinjiang International Industry,xinjianginternationalindustry,ownername
16181,Xinjiang International Industry,xinjianginternational,ownername
4814,Yacimentos Petroliferos Bolivianos,yacimentos petroliferos bolivianos,ownername
4814,Yacimentos Petroliferos Bolivianos,yacimentospetroliferosbolivianos,ownername
4814,Yacimentos Petroliferos Bolivianos,yacimentospetroliferos,ownername
4815,Yacimentos Petroliferos Bolivianos,yacimentos petroliferos bolivianos,ownername
4815,Yacimentos Petroliferos Bolivianos,yacimentospetroliferosbolivianos,ownername
4815,Yacimentos Petroliferos Bolivianos,yacimentospetroliferos,ownername
4816,Yacimentos Petroliferos Bolivianos,yacimentos petroliferos bolivianos,ownername
4816,Yacimentos Petroliferos Bolivianos,yacimentospetroliferosbolivianos,ownername
4816,Yacimentos Petroliferos Bolivianos,yacimentospetroliferos,ownername
4824,Yacimentos Petroliferos Bolivianos,yacimentos petroliferos bolivianos,ownername
4824,Yacimentos Petroliferos Bolivianos,yacimentospetroliferosbolivianos,ownername
4824,Yacimentos Petroliferos Bolivianos,yacimentospetroliferos,ownername
4826,Yacimentos Petroliferos Bolivianos,yacimentos petroliferos bolivianos,ownername
4826,Yacimentos Petroliferos Bolivianos,yacimentospetroliferosbolivianos,ownername
4826,Yacimentos Petroliferos Bolivianos,yacimentospetroliferos,ownername
4910,Yacimentos Petroliferos Bolivianos,yacimentos petroliferos bolivianos,ownername
4910,Yacimentos Petroliferos Bolivianos,yacimentospetroliferosbolivianos,ownername
4910,Yacimentos Petroliferos Bolivianos,yacimentospetroliferos,ownername
4827,Yacimientos Petroliferos Fiscales,yacimientos petroliferos fiscales,ownername
4827,Yacimientos Petroliferos Fiscales,yacimientospetroliferosfiscales,ownername
4827,Yacimientos Petroliferos Fiscales,yacimientospetroliferos,ownername
15983,Yanbian Lian Petrochemical,yanbian lian petrochemical,ownername
15983,Yanbian Lian Petrochemical,yanbianlianpetrochemical,ownername
15983,Yanbian Lian Petrochemical,yanbianlian,ownername
16142,Yancheng Lianfu PetroChemical,yancheng lianfu petrochemical,ownername
16142,Yancheng Lianfu PetroChemical,yanchenglianfupetrochemical,ownername
16142,Yancheng Lianfu PetroChemical,yanchenglianfu,ownername
9718,Yemen Petroleum company,yemen petroleum company,ownername
9718,Yemen Petroleum company,yemenpetroleumcompany,ownername
9718,Yemen Petroleum company,yemenpetroleum,ownername
16082,Yingchang Heavy Road Asphalt,yingchang heavy road asphalt,ownername
9628,Zarubezhneft,zarubezhneft,ownername
9677,Zhongda,zhongda,ownername
