id,initial,match,type
4623,Kapolei Refinery (Chevron),kapolei,refname
4624,San Lorenzo Refinery,san lorenzo,refname
4624,San Lorenzo Refinery,sanlorenzo,refname
4625,Kapolei Refinery (Par Pacific),kapolei,refname
4626,Kenai Refinery,kenai,refname
4627,Prudhoe Bay Refinery(BP),prudhoe bay,refname
4627,Prudhoe Bay Refinery(BP),prudhoebay,refname
4628,North Pole Refinery (Flint Hills),north pole,refname
4628,North Pole Refinery (Flint Hills),northpole,refname
4629,North Pole Refinery (Petro Star),north pole,refname
4629,North Pole Refinery (Petro Star),northpole,refname
4630,Valdez Refinery,valdez,refname
4631,Burnaby Refinery,burnaby,refname
4632,Cherry Point Refinery,cherry point,refname
4632,Cherry Point Refinery,cherrypoint,refname
4633,Prince George Refinery,prince george,refname
4633,Prince George Refinery,princegeorge,refname
4634,Ferndale Refinery,ferndale,refname
4635,Anacortes Refinery (Tesoro),anacortes,refname
4636,Anacortes Refinery (Shell),anacortes,refname
4637,Chevron Richmond Refinery,chevron richmond,refname
4637,Chevron Richmond Refinery,chevronrichmond,refname
4638,Tacoma Refinery,tacoma,refname
4639,Rodeo San Francisco Refinery,rodeo san francisco,refname
4639,Rodeo San Francisco Refinery,rodeosanfrancisco,refname
4639,Rodeo San Francisco Refinery,rodeosan,refname
4640,Benicia Refinery,benicia,refname
4641,Martinez Refinery (Shell),martinez,refname
4642,Golden Eagle Refinery,golden eagle,refname
4642,Golden Eagle Refinery,goldeneagle,refname
4643,Santa Maria Refinery (Phillips 66),santa maria,refname
4643,Santa Maria Refinery (Phillips 66),santamaria,refname
4644,Bakersfield (Alon Usa Energy Inc),bakersfield,refname
4645,Bakersfield Refinery (Kern Oil & Refining Co),bakersfield,refname
4646,El Segundo Refinery,el segundo,refname
4646,El Segundo Refinery,elsegundo,refname
4647,Exxonmobil Torrance Refinery,exxonmobil torrance,refname
4647,Exxonmobil Torrance Refinery,exxonmobiltorrance,refname
4648,Phillips 66 Los Angeles (Wilmington) Refinery,phillips 66 los angeles,refname
4649,Tesoro Los Angeles (Carson) Refinery,tesoro los angeles,refname
4650,Phillips 66 Los Angeles (Carson) Refinery,phillips 66 los angeles,refname
4651,Tesoro Los Angeles (Wilmington) Refinery,tesoro los angeles,refname
4652,South Gate Refinery,south gate,refname
4652,South Gate Refinery,southgate,refname
4653,Paramount Refinery,paramount,refname
4654,Ely Refinery,ely,refname
4655,Strathcona Refinery (Imperial),strathcona,refname
4656,Edmonton Strathcona Refinery (Suncor),edmonton strathcona,refname
4656,Edmonton Strathcona Refinery (Suncor),edmontonstrathcona,refname
4657,Scotford Refinery,scotford,refname
4658,Salt Lake City Refinery (Chevron),salt lake city,refname
4658,Salt Lake City Refinery (Chevron),saltlakecity,refname
4658,Salt Lake City Refinery (Chevron),saltlake,refname
4659,North Salt Lake Refinery,north salt lake,refname
4659,North Salt Lake Refinery,northsaltlake,refname
4659,North Salt Lake Refinery,northsalt,refname
4660,Woods Cross Refinery (Silver Eagle),woods cross,refname
4660,Woods Cross Refinery (Silver Eagle),woodscross,refname
4661,Salt Lake City Refinery (Tesoro),salt lake city,refname
4661,Salt Lake City Refinery (Tesoro),saltlakecity,refname
4661,Salt Lake City Refinery (Tesoro),saltlake,refname
4662,Woods Cross Refinery (Hollyfrontier),woods cross,refname
4662,Woods Cross Refinery (Hollyfrontier),woodscross,refname
4663,Montana Refining Co Refinery ( Great Falls),montana co,refname
4663,Montana Refining Co Refinery ( Great Falls),montanaco,refname
4664,Evanston Refinery,evanston,refname
4665,Lloydminster Refinery,lloydminster,refname
4666,Laurel Refinery,laurel,refname
4667,Billings Refinery (Phillips 66),billings,refname
4668,Billings Refinery (Exxon),billings,refname
4669,Gallup Refinery,gallup,refname
4670,Sinclair Wyoming Refinery,sinclair wyoming,refname
4670,Sinclair Wyoming Refinery,sinclairwyoming,refname
4671,El Paso Refinery,el paso,refname
4671,El Paso Refinery,elpaso,refname
4672,El Paso (South) Refinery,el paso,refname
4672,El Paso (South) Refinery,elpaso,refname
4673,Sinclair Casper Refinery,sinclair casper,refname
4673,Sinclair Casper Refinery,sinclaircasper,refname
4674,Douglas Refinery,douglas,refname
4675,Suncor Commerce City Refinery,suncor commerce city,refname
4675,Suncor Commerce City Refinery,suncorcommercecity,refname
4675,Suncor Commerce City Refinery,suncorcommerce,refname
4677,Cheyenne Refinery,cheyenne,refname
4678,Regina Ccrl Refinery Complex,regina ccrl complex,refname
4678,Regina Ccrl Refinery Complex,reginaccrlcomplex,refname
4678,Regina Ccrl Refinery Complex,reginaccrl,refname
4679,Navajo- Artesia Refinery,navajo- artesia,refname
4679,Navajo- Artesia Refinery,navajo-artesia,refname
4680,Newcastle Refinery,newcastle,refname
4681,Dakota Prairie Refinery,dakota prairie,refname
4681,Dakota Prairie Refinery,dakotaprairie,refname
4682,Mckee Refinery,mckee,refname
4683,Big Spring Refinery,big spring,refname
4683,Big Spring Refinery,bigspring,refname
4684,Borger Refinery(Phillips 66),borger,refname
4685,Salamanca Refinery,salamanca,refname
4686,Mandan Refinery,mandan,refname
4687,Refineria Cadereyta,cadereyta,refname
4688,Refineria Miguel Hidalgo,miguel hidalgo,refname
4688,Refineria Miguel Hidalgo,miguelhidalgo,refname
4689,San Antonio Refinery,san antonio,refname
4689,San Antonio Refinery,sanantonio,refname
4690,Three Rivers Refinery,three rivers,refname
4690,Three Rivers Refinery,threerivers,refname
4691,Nixon Refinery,nixon,refname
4692,Ncra Mcpherson Refinery,ncra mcpherson,refname
4692,Ncra Mcpherson Refinery,ncramcpherson,refname
4693,Corpus Christi Refinery Plant (Flint Hills),corpus christi plant,refname
4693,Corpus Christi Refinery Plant (Flint Hills),corpuschristiplant,refname
4693,Corpus Christi Refinery Plant (Flint Hills),corpuschristi,refname
4694,Corpus Christi Bill Greehey Refinery West (Valero),corpus christi bill greehey west,refname
4695,Corpus Christi Bill Greehey Refinery East (Valero),corpus christi bill greehey east,refname
4696,Thomas Refinery,thomas,refname
4697,Corpus Christi Refinery (Citgo),corpus christi,refname
4697,Corpus Christi Refinery (Citgo),corpuschristi,refname
4698,Corpus Christi Refinery East Plant (Flint Hills),corpus christi east plant,refname
4699,Wynnewood Ok Refinery,wynnewood ok,refname
4699,Wynnewood Ok Refinery,wynnewoodok,refname
4700,Ardmore Refinery,ardmore,refname
4701,Ponca City Refinery,ponca city,refname
4701,Ponca City Refinery,poncacity,refname
4702,El Dorado Refinery (Hollyfrontier),el dorado,refname
4702,El Dorado Refinery (Hollyfrontier),eldorado,refname
4703,Alcoa Point Comfort Alumina Refinery,alcoa point comfort alumina,refname
4704,Tulsa Refinery (HollyFrontier Corp),tulsa,refname
4705,Sweeny Refinery,sweeny,refname
4706,Coffeyville Resources Refinery ( Coop Refinery),coffeyville resources,refname
4706,Coffeyville Resources Refinery ( Coop Refinery),coffeyvilleresources,refname
4707,Tyler Refinery,tyler,refname
4708,Houston Refinery (Valero),houston,refname
4709,Houston Refinery (Lyondell),houston,refname
4710,Pasadena Refinery,pasadena,refname
4711,Chocolate Bayou Refinery,chocolate bayou,refname
4711,Chocolate Bayou Refinery,chocolatebayou,refname
4712,Shell Deer Park Refinery,shell deer park,refname
4712,Shell Deer Park Refinery,shelldeerpark,refname
4712,Shell Deer Park Refinery,shelldeer,refname
4713,Lyondell-Citgo Refining (Lcr) - Houston Refinery,lyondell-citgo  - houston,refname
4714,Baytown Refinery,baytown,refname
4715,Marathon Galveston Bay Refinery,marathon galveston bay,refname
4715,Marathon Galveston Bay Refinery,marathongalvestonbay,refname
4715,Marathon Galveston Bay Refinery,marathongalveston,refname
4716,Marathon Texas City Refinery,marathon texas city,refname
4716,Marathon Texas City Refinery,marathontexascity,refname
4716,Marathon Texas City Refinery,marathontexas,refname
4717,Valero Texas City Refinery,valero texas city,refname
4717,Valero Texas City Refinery,valerotexascity,refname
4717,Valero Texas City Refinery,valerotexas,refname
4718,Beaumont Refinery,beaumont,refname
4719,Port Arthur Refinery (Valero),port arthur,refname
4719,Port Arthur Refinery (Valero),portarthur,refname
4720,Port Arthur Refinery (Motiva),port arthur,refname
4720,Port Arthur Refinery (Motiva),portarthur,refname
4721,Isla Refinery,isla,refname
4722,Port Arthur Refinery (Total),port arthur,refname
4722,Port Arthur Refinery (Total),portarthur,refname
4723,Shreveport Refinery,shreveport,refname
4724,Princeton Refinery,princeton,refname
4725,Cotton Valley Refinery,cotton valley,refname
4725,Cotton Valley Refinery,cottonvalley,refname
4726,Lake Charles Refinery (Citgo),lake charles,refname
4726,Lake Charles Refinery (Citgo),lakecharles,refname
4727,Calcasieu Lake Charles Refinery,calcasieu lake charles,refname
4727,Calcasieu Lake Charles Refinery,calcasieulakecharles,refname
4727,Calcasieu Lake Charles Refinery,calcasieulake,refname
4728,Lake Charles Refinery (Phillips 66),lake charles,refname
4728,Lake Charles Refinery (Phillips 66),lakecharles,refname
4729,Pine Bend Refinery,pine bend,refname
4729,Pine Bend Refinery,pinebend,refname
4730,Fort De France Refinery,fort de france,refname
4730,Fort De France Refinery,fortdefrance,refname
4730,Fort De France Refinery,fortde,refname
4731,Saint Paul Park Refinery,saint paul park,refname
4731,Saint Paul Park Refinery,saintpaulpark,refname
4731,Saint Paul Park Refinery,saintpaul,refname
4732,Smackover Refinery,smackover,refname
4733,El Dorado Refinery (Delek),el dorado,refname
4733,El Dorado Refinery (Delek),eldorado,refname
4734,Calumet Superior Oil Refinery,calumet superior oil,refname
4734,Calumet Superior Oil Refinery,calumetsuperioroil,refname
4734,Calumet Superior Oil Refinery,calumetsuperior,refname
4735,Krotz Springs Refinery,krotz springs,refname
4735,Krotz Springs Refinery,krotzsprings,refname
4736,Port Allen Refinery,port allen,refname
4736,Port Allen Refinery,portallen,refname
4737,Baton Rouge Refinery,baton rouge,refname
4737,Baton Rouge Refinery,batonrouge,refname
4738,Vicksburg Refinery,vicksburg,refname
4739,Convent Refinery,convent,refname
4740,Garyville Refinery,garyville,refname
4741,Norco Refinery,norco,refname
4742,Saint Charles Refinery,saint charles,refname
4742,Saint Charles Refinery,saintcharles,refname
4743,Wood River Refinery,wood river,refname
4743,Wood River Refinery,woodriver,refname
4744,Memphis Refinery (Premcor),memphis,refname
4745,Alliance Refinery (Or Belle Chasse),alliance,refname
4746,Chalmette Refinery,chalmette,refname
4747,Meraux Refinery,meraux,refname
4748,Refineria Petrolera Acajutla R.a.s.a,petrolera acajutla r.a.s.a,refname
4748,Refineria Petrolera Acajutla R.a.s.a,petroleraacajutlar.a.s.a,refname
4748,Refineria Petrolera Acajutla R.a.s.a,petroleraacajutla,refname
4749,Sandersville - Hunt Southland Refinery,sandersville - hunt southland,refname
4750,Pascagoula Refinery,pascagoula,refname
4751,Joliet Refinery,joliet,refname
4752,Saraland Refinery,saraland,refname
4753,Lemont Refinery,lemont,refname
4754,Puerto Cortes Texaco Refinery,puerto cortes texaco,refname
4754,Puerto Cortes Texaco Refinery,puertocortestexaco,refname
4754,Puerto Cortes Texaco Refinery,puertocortes,refname
4755,Countrymark Refinery (Mount Vernon),countrymark,refname
4756,Robinson Refinery,robinson,refname
4757,Tuscaloosa Refinery,tuscaloosa,refname
4758,Whiting Refinery,whiting,refname
4759,Cuesta Del Plomo Managua Refinery,cuesta del plomo managua,refname
4760,Somerset Oil Refinery,somerset oil,refname
4760,Somerset Oil Refinery,somersetoil,refname
4761,Premcor Lima Refinery,premcor lima,refname
4761,Premcor Lima Refinery,premcorlima,refname
4762,Pbf Toledo Refinery,pbf toledo,refname
4762,Pbf Toledo Refinery,pbftoledo,refname
4763,Toledo Refinery,toledo,refname
4764,Detroit Refinery,detroit,refname
4765,Catlettsburg Refinery,catlettsburg,refname
4766,Sarnia (Shell) - Shell's Corunna Refinery,sarnia  - shell's corunna,refname
4767,Sarnia (Suncor),sarnia,refname
4768,Sarnia (Imperial Oil),sarnia,refname
4769,Refineria Nico Lopez,nico lopez,refname
4769,Refineria Nico Lopez,nicolopez,refname
4770,Canton Refinery,canton,refname
4771,La Refineria De Talara,la de talara,refname
4771,La Refineria De Talara,ladetalara,refname
4771,La Refineria De Talara,lade,refname
4772,Savannah Citgo Asphalt Refinery,savannah citgo asphalt,refname
4772,Savannah Citgo Asphalt Refinery,savannahcitgoasphalt,refname
4772,Savannah Citgo Asphalt Refinery,savannahcitgo,refname
4773,Nustar Savannah Refinery,nustar savannah,refname
4773,Nustar Savannah Refinery,nustarsavannah,refname
4774,Phillips 66 Savannah North Refinery,phillips 66 savannah north,refname
4775,Phillips 66 Savannah South Refinery,phillips 66 savannah south,refname
4776,Refineria La Libertad,la libertad,refname
4776,Refineria La Libertad,lalibertad,refname
4777,Newell Refinery,newell,refname
4778,Nanticoke Refinery,nanticoke,refname
4779,Petroecuador - Esmeraldas,petroecuador - esmeraldas,refname
4779,Petroecuador - Esmeraldas,petroecuador-esmeraldas,refname
4779,Petroecuador - Esmeraldas,petroecuador-,refname
4780,Clarkson Refinery,clarkson,refname
4781,Warren Refinery,warren,refname
4782,Refineria El Milagro (Petroperu),el milagro,refname
4782,Refineria El Milagro (Petroperu),elmilagro,refname
4783,Bradford Oil Refinery,bradford oil,refname
4783,Bradford Oil Refinery,bradfordoil,refname
4784,Refineria La Pampilla,la pampilla,refname
4784,Refineria La Pampilla,lapampilla,refname
4785,Refineria Conchan,conchan,refname
4786,Orito Oil Refinery,orito oil,refname
4786,Orito Oil Refinery,oritooil,refname
4787,Kinsgton Refinery,kinsgton,refname
4788,Amazonas Shushufindi Refinery,amazonas shushufindi,refname
4788,Amazonas Shushufindi Refinery,amazonasshushufindi,refname
4789,Yorktown Oil Refinery,yorktown oil,refname
4789,Yorktown Oil Refinery,yorktownoil,refname
4790,Delaware Refinery (Pbf Energy),delaware,refname
4791,Marcus Hook Refinery,marcus hook,refname
4791,Marcus Hook Refinery,marcushook,refname
4792,Trainer Refinery,trainer,refname
4793,Paulsboro Refinery (Pbf),paulsboro,refname
4794,Paulsboro Refinery (Nustar),paulsboro,refname
4795,Minatitlan(Refineria General Lazaro Cardenas Del Rio),minatitlan,refname
4796,Philadelphia Refinery (Pes),philadelphia,refname
4797,Philadelphia Eagle Point Refinery,philadelphia eagle point,refname
4797,Philadelphia Eagle Point Refinery,philadelphiaeaglepoint,refname
4797,Philadelphia Eagle Point Refinery,philadelphiaeagle,refname
4798,Refinery Of Pucallpa,of pucallpa,refname
4798,Refinery Of Pucallpa,ofpucallpa,refname
4799,New York Perth Amboy Refinery Terminal,new york perth amboy terminal,refname
4800,Bayway Refinery,bayway,refname
4801,Barrancabaermeja Santander Refinery,barrancabaermeja santander,refname
4801,Barrancabaermeja Santander Refinery,barrancabaermejasantander,refname
4802,Montreal Refinery,montreal,refname
4803,Apiay Oil Refinery,apiay oil,refname
4803,Apiay Oil Refinery,apiayoil,refname
4804,Refineria Iquitos-Loreto,iquitos-loreto,refname
4805,Biobio Refinery,biobio,refname
4806,Tibu Refinery (Ecopetrol),tibu,refname
4807,Centro De Refinacion De Paraguana (Bajo Grande Refinery),centro de de paraguana,refname
4809,Aconcagua Concon Refinery,aconcagua concon,refname
4809,Aconcagua Concon Refinery,aconcaguaconcon,refname
4810,Jean Gaulin Refinery (Or Quebec City Refinery),jean gaulin,refname
4810,Jean Gaulin Refinery (Or Quebec City Refinery),jeangaulin,refname
4811,Cartagena Refinery,cartagena,refname
4812,Gregorio Refinery,gregorio,refname
4813,Citgo Aruba Refinery,citgo aruba,refname
4813,Citgo Aruba Refinery,citgoaruba,refname
4814,Plaza Huincul Refinery,plaza huincul,refname
4814,Plaza Huincul Refinery,plazahuincul,refname
4815,Lujan De Cuyo Refinery,lujan de cuyo,refname
4815,Lujan De Cuyo Refinery,lujandecuyo,refname
4815,Lujan De Cuyo Refinery,lujande,refname
4816,Gualberto Villarroel Cochabamba Refinery,gualberto villarroel cochabamba,refname
4816,Gualberto Villarroel Cochabamba Refinery,gualbertovillarroelcochabamba,refname
4816,Gualberto Villarroel Cochabamba Refinery,gualbertovillarroel,refname
4817,Saint John Refinery,saint john,refname
4817,Saint John Refinery,saintjohn,refname
4819,Carlos Montenegro Sucre Refinery,carlos montenegro sucre,refname
4819,Carlos Montenegro Sucre Refinery,carlosmontenegrosucre,refname
4819,Carlos Montenegro Sucre Refinery,carlosmontenegro,refname
4820,Petrocedeno,petrocedeno,refname
4821,Puerto La Cruz Refinery,puerto la cruz,refname
4821,Puerto La Cruz Refinery,puertolacruz,refname
4821,Puerto La Cruz Refinery,puertola,refname
4822,Jose Antonio Anzotegui Complex,jose antonio anzotegui complex,refname
4823,Hovensa Refinery (St.Croix),hovensa,refname
4824,Campo Duran Refinor Refinery,campo duran,refname
4824,Campo Duran Refinor Refinery,campoduran,refname
4825,Dartmouth Refinery,dartmouth,refname
4826,Guillermo Elder Bell Santa Cruz Refinery,guillermo elder bell santa cruz,refname
4827,Cangrejales Floating Refinery,cangrejales floating,refname
4827,Cangrejales Floating Refinery,cangrejalesfloating,refname
4828,Bahia Blanca Refinery,bahia blanca,refname
4828,Bahia Blanca Refinery,bahiablanca,refname
4829,Duperial Refinery,duperial,refname
4830,Reman (Isaac Sabbá) Refinery,reman,refname
4831,Muelle Sol Petroleo,muelle sol petroleo,refname
4831,Muelle Sol Petroleo,muellesolpetroleo,refname
4831,Muelle Sol Petroleo,muellesol,refname
4832,Villa Elisa refinery,villa elisa,refname
4832,Villa Elisa refinery,villaelisa,refname
4833,La Teja Montevideo Refinery,la teja montevideo,refname
4833,La Teja Montevideo Refinery,latejamontevideo,refname
4833,La Teja Montevideo Refinery,lateja,refname
4834,Staatsolie Refinery,staatsolie,refname
4835,Come By Chance Refinery (Or North Atlantic Refinery),come by chance,refname
4835,Come By Chance Refinery (Or North Atlantic Refinery),comebychance,refname
4835,Come By Chance Refinery (Or North Atlantic Refinery),comeby,refname
4836,Ipiranga Refinery,ipiranga,refname
4837,Alberto Pasqualini Refap Refinery,alberto pasqualini refap,refname
4837,Alberto Pasqualini Refap Refinery,albertopasqualinirefap,refname
4837,Alberto Pasqualini Refap Refinery,albertopasqualini,refname
4838,Refineria De Petroleo Hermanos Diaz,de petroleo hermanos diaz,refname
4839,Presidente Getulio Vargas Refinery (Repar),presidente getulio vargas,refname
4839,Presidente Getulio Vargas Refinery (Repar),presidentegetuliovargas,refname
4839,Presidente Getulio Vargas Refinery (Repar),presidentegetulio,refname
4840,Paulinia Refinery (Replan),paulinia,refname
4841,Capuava Recap Refinery,capuava recap,refname
4841,Capuava Recap Refinery,capuavarecap,refname
4842,Presidente Bernardes Refinery (RPBC),presidente bernardes,refname
4842,Presidente Bernardes Refinery (RPBC),presidentebernardes,refname
4843,Henrique Lage Refinery,henrique lage,refname
4843,Henrique Lage Refinery,henriquelage,refname
4844,Gabriel Passos Refinery (Regap),gabriel passos,refname
4844,Gabriel Passos Refinery (Regap),gabrielpassos,refname
4845,Duque De Caxias Refinery (Reduc),duque de caxias,refname
4845,Duque De Caxias Refinery (Reduc),duquedecaxias,refname
4845,Duque De Caxias Refinery (Reduc),duquede,refname
4846,Manguinhos Refinery,manguinhos,refname
4847,Landulpho Alves Refinery (Rlam),landulpho alves,refname
4847,Landulpho Alves Refinery (Rlam),landulphoalves,refname
4848,Petrobras Lubnor,petrobras lubnor,refname
4848,Petrobras Lubnor,petrobraslubnor,refname
4849,Abreu E Lima Refinery (Rnest),abreu e lima,refname
4849,Abreu E Lima Refinery (Rnest),abreuelima,refname
4849,Abreu E Lima Refinery (Rnest),abreue,refname
4850,Mbao Oil Refinery,mbao oil,refname
4850,Mbao Oil Refinery,mbaooil,refname
4851,Somir Refinery,somir,refname
4852,Tenerife Refinery,tenerife,refname
4853,Freetown Refinery,freetown,refname
4854,Sines Refinery,sines,refname
4855,Matosinhos Refinery,matosinhos,refname
4857,La Coruna Refinery,la coruna,refname
4857,La Coruna Refinery,lacoruna,refname
4859,Whitegate Refinery,whitegate,refname
4860,San Cibrao Alumina Refinery,san cibrao alumina,refname
4860,San Cibrao Alumina Refinery,sancibraoalumina,refname
4860,San Cibrao Alumina Refinery,sancibrao,refname
4861,Samir Mohammedia Refinery,samir mohammedia,refname
4861,Samir Mohammedia Refinery,samirmohammedia,refname
4862,Huelva Refinery (La Rabida),huelva,refname
4863,La Rabida Refinery,la rabida,refname
4863,La Rabida Refinery,larabida,refname
4864,Cepsa Refinery (Algeciras),cepsa,refname
4865,Pembroke Refinery,pembroke,refname
4866,Puertollano Refinery,puertollano,refname
4867,Abidjan Refinery,abidjan,refname
4868,Grangemouth Refinery,grangemouth,refname
4869,Bilbao (Muskiz) Refinery,bilbao,refname
4870,Nynas Dundee Refinery,nynas dundee,refname
4870,Nynas Dundee Refinery,nynasdundee,refname
4871,Stanlow Refinery (Essar Oil Ltd),stanlow,refname
4872,Donges Refinery,donges,refname
4873,Fawley Refinery,fawley,refname
4874,Repsol Ypf Cartagena Refinery,repsol ypf cartagena,refname
4874,Repsol Ypf Cartagena Refinery,repsolypfcartagena,refname
4874,Repsol Ypf Cartagena Refinery,repsolypf,refname
4875,Arzew Refinery (RA1.Z),arzew,refname
4876,Lindsey Oil Refinery,lindsey oil,refname
4876,Lindsey Oil Refinery,lindseyoil,refname
4877,Humber Refinery,humber,refname
4878,Castellon Refinery,castellon,refname
4879,Mont Belvieu Gas Processing Plants,mont belvieu gas processing plants,refname
4880,Tema Oil Refinery,tema oil,refname
4880,Tema Oil Refinery,temaoil,refname
4881,Gonfreville L'orcher Refinery (Or Normandy Refinery),gonfreville l'orcher,refname
4881,Gonfreville L'orcher Refinery (Or Normandy Refinery),gonfrevillel'orcher,refname
4882,Port-Jerome-Gravenchon Refinery,port-jerome-gravenchon,refname
4883,Repsol Ypf Tarragona Refinery,repsol ypf tarragona,refname
4883,Repsol Ypf Tarragona Refinery,repsolypftarragona,refname
4883,Repsol Ypf Tarragona Refinery,repsolypf,refname
4884,Flandres Refinery,flandres,refname
4885,Dunkirk Refinery,dunkirk,refname
4886,Grandpuits Refinery,grandpuits,refname
4887,Alger Refinery  (RA1.G),alger,refname
4888,El Harrach Refinery,el harrach,refname
4888,El Harrach Refinery,elharrach,refname
4889,Zeeland Refinery,zeeland,refname
4890,Bp Rotterdam Refinery,bp rotterdam,refname
4890,Bp Rotterdam Refinery,bprotterdam,refname
4891,(Europoort) Rozenburg Refinery,rozenburg,refname
4892,VPR Energy BV Refinery,vpr energy bv,refname
4892,VPR Energy BV Refinery,vprenergybv,refname
4892,VPR Energy BV Refinery,vprenergy,refname
4893,Antwerp Refinery (Gunvor),antwerp,refname
4894,Independent Belgian Refinery Ibr - Gunvor,independent belgian ibr - gunvor,refname
4895,Rotterdam Refinery (Esso),rotterdam,refname
4896,Antwerp Refinery (Total),antwerp,refname
4897,Antwerp Refinery (Exxon),antwerp,refname
4898,Shell Pernis Refinery,shell pernis,refname
4898,Shell Pernis Refinery,shellpernis,refname
4899,Feyzin Refinery,feyzin,refname
4900,Fos-sur-Mer Refinery,fos-sur-mer,refname
4901,Lavera Marseilles Refinery,lavera marseilles,refname
4901,Lavera Marseilles Refinery,laveramarseilles,refname
4902,Salina Cruz Refinery,salina cruz,refname
4902,Salina Cruz Refinery,salinacruz,refname
4903,La Mede Refinery (Provence),la mede,refname
4903,La Mede Refinery (Provence),lamede,refname
4904,Warri (WRPC),warri,refname
4905,Hassi Messaoud Refinery (RHM),hassi messaoud,refname
4905,Hassi Messaoud Refinery (RHM),hassimessaoud,refname
4906,Collombey Refinery,collombey,refname
4907,Skikda Refinery (RA1.K),skikda,refname
4908,Godorf - Rheinland Refinery,godorf - rheinland,refname
4908,Godorf - Rheinland Refinery,godorf-rheinland,refname
4908,Godorf - Rheinland Refinery,godorf-,refname
4909,Cressier Refinery,cressier,refname
4910,La Plata Refinery,la plata,refname
4910,La Plata Refinery,laplata,refname
4911,Raffinerie Gelsenkirchen,raffinerie gelsenkirchen,refname
4911,Raffinerie Gelsenkirchen,raffineriegelsenkirchen,refname
4912,Port Harcourt (Phrc) Refinery,port harcourt,refname
4912,Port Harcourt (Phrc) Refinery,portharcourt,refname
4913,Emsland Lingen Refinery,emsland lingen,refname
4913,Emsland Lingen Refinery,emslandlingen,refname
4914,Kaduna (KRPC) Refinery,kaduna,refname
4915,Miro Karlsruhe Refinery,miro karlsruhe,refname
4915,Miro Karlsruhe Refinery,mirokarlsruhe,refname
4916,Sogara Refinery,sogara,refname
4917,Soraz Refinery,soraz,refname
4918,Sarpom Trecate Novara Refinery,sarpom trecate novara,refname
4918,Sarpom Trecate Novara Refinery,sarpomtrecatenovara,refname
4918,Sarpom Trecate Novara Refinery,sarpomtrecate,refname
4919,Sannazzaro Refinery,sannazzaro,refname
4920,Iplom Busalla Refinery,iplom busalla,refname
4920,Iplom Busalla Refinery,iplombusalla,refname
4921,Sarroch Refinery,sarroch,refname
4922,Heide Refinery,heide,refname
4923,Sonara Limbe Refinery,sonara limbe,refname
4923,Sonara Limbe Refinery,sonaralimbe,refname
4924,Total - Brunsbuttel Oil Refinery,total - brunsbuttel oil,refname
4925,Fredericia Refinery,fredericia,refname
4926,Bizerte Refinery (Stir),bizerte,refname
4927,Hamburg Holburn Refinery,hamburg holburn,refname
4927,Hamburg Holburn Refinery,hamburgholburn,refname
4928,Hamburg Refinery,hamburg,refname
4929,Harburg Refinery,harburg,refname
4930,Eni Livorno Oil Refinery,eni livorno oil,refname
4930,Eni Livorno Oil Refinery,enilivornooil,refname
4930,Eni Livorno Oil Refinery,enilivorno,refname
4931,Slagen Refinery,slagen,refname
4932,Kalundborg Refinery,kalundborg,refname
4933,Preemraff Lysekil Refinery,preemraff lysekil,refname
4933,Preemraff Lysekil Refinery,preemrafflysekil,refname
4934,Centro De Refinacion De Paraguana (Cardon Refinery),centro de de paraguana,refname
4935,Gunvor Refinery Ingolstadt,gunvor ingolstadt,refname
4935,Gunvor Refinery Ingolstadt,gunvoringolstadt,refname
4937,Preemraff Goeteborg Refinery,preemraff goeteborg,refname
4937,Preemraff Goeteborg Refinery,preemraffgoeteborg,refname
4938,Pointe Noire Refinery,pointe noire,refname
4938,Pointe Noire Refinery,pointenoire,refname
4939,Nynas Gothenburg Refinery,nynas gothenburg,refname
4939,Nynas Gothenburg Refinery,nynasgothenburg,refname
4940,Gothenburg Refinery (St1 Energy),gothenburg,refname
4941,Leuna Refinery,leuna,refname
4942,Leuna (Mitteldeutschland Spergau) Refinery,leuna,refname
4943,Alma Petroli Ravenna Terminal,alma petroli ravenna terminal,refname
4944,Porto Marghera Venice Refinery,porto marghera venice,refname
4944,Porto Marghera Venice Refinery,portomargheravenice,refname
4944,Porto Marghera Venice Refinery,portomarghera,refname
4945,Rome Refinery,rome,refname
4946,Zawia Refinery,zawia,refname
4947,Burghausen Refinery,burghausen,refname
4948,Luanda Refinery,luanda,refname
4949,Falconara Marittima Ancona Refinery,falconara marittima ancona,refname
4949,Falconara Marittima Ancona Refinery,falconaramarittimaancona,refname
4949,Falconara Marittima Ancona Refinery,falconaramarittima,refname
4950,Lobito Refinery - Sonangol,lobito - sonangol,refname
4950,Lobito Refinery - Sonangol,lobito-sonangol,refname
4950,Lobito Refinery - Sonangol,lobito-,refname
4951,Litvinov Refinery,litvinov,refname
4952,Schwedt Refinery,schwedt,refname
4953,Gela Refinery,gela,refname
4954,Kralupy Refinery,kralupy,refname
4955,Rijeka Oil Refinery,rijeka oil,refname
4955,Rijeka Oil Refinery,rijekaoil,refname
4956,Esso Augusta Refinery,esso augusta,refname
4956,Esso Augusta Refinery,essoaugusta,refname
4957,Impianti Sud Oil Refinery,impianti sud oil,refname
4957,Impianti Sud Oil Refinery,impiantisudoil,refname
4957,Impianti Sud Oil Refinery,impiantisud,refname
4958,Impianti Nord Oil Refinery,impianti nord oil,refname
4958,Impianti Nord Oil Refinery,impiantinordoil,refname
4958,Impianti Nord Oil Refinery,impiantinord,refname
4959,Priolo Gargallo Isab Refinery,priolo gargallo isab,refname
4959,Priolo Gargallo Isab Refinery,priologargalloisab,refname
4959,Priolo Gargallo Isab Refinery,priologargallo,refname
4960,Melilli ISAB Refinery,melilli isab,refname
4960,Melilli ISAB Refinery,melilliisab,refname
4961,Raffineria Di Milazzo,raffineria di milazzo,refname
4961,Raffineria Di Milazzo,raffineriadimilazzo,refname
4961,Raffineria Di Milazzo,raffineriadi,refname
4962,Pardubice Paramo Refinery,pardubice paramo,refname
4962,Pardubice Paramo Refinery,pardubiceparamo,refname
4963,Sisak Oil Refinery,sisak oil,refname
4963,Sisak Oil Refinery,sisakoil,refname
4964,Schwechat Refinery,schwechat,refname
4965,Slovnaft Bratislava Refinery,slovnaft bratislava,refname
4965,Slovnaft Bratislava Refinery,slovnaftbratislava,refname
4966,Taranto Refinery,taranto,refname
4967,Nynashamn Refinery,nynashamn,refname
4968,Srpski Brod Oil Refinery,srpski brod oil,refname
4968,Srpski Brod Oil Refinery,srpskibrodoil,refname
4968,Srpski Brod Oil Refinery,srpskibrod,refname
4969,Caltex Capetown Refinery (Minerton CHEVREF),caltex capetown,refname
4969,Caltex Capetown Refinery (Minerton CHEVREF),caltexcapetown,refname
4970,Ras Lanuf Refinery,ras lanuf,refname
4970,Ras Lanuf Refinery,raslanuf,refname
4971,Gdansk Refinery,gdansk,refname
4972,Danube Duna Refinery,danube duna,refname
4972,Danube Duna Refinery,danubeduna,refname
4973,Dubova Oil Refinery,dubova oil,refname
4973,Dubova Oil Refinery,dubovaoil,refname
4974,Trzebinia Refinery,trzebinia,refname
4975,El-Brega Refinery,el-brega,refname
4976,Plock Refinery,plock,refname
4977,Novi Sad Refinery,novi sad,refname
4977,Novi Sad Refinery,novisad,refname
4978,Pancevo Refinery,pancevo,refname
4979,Mazeikiai Refinery,mazeikiai,refname
4980,Sarir Refinery,sarir,refname
4981,Okta Refinery,okta,refname
4982,Rafineria Jedlicze,rafineria jedlicze,refname
4982,Rafineria Jedlicze,rafineriajedlicze,refname
4983,Naantali Refinery,naantali,refname
4984,Petrolsub Suplacu De Barcau Refinery,petrolsub suplacu de barcau,refname
4985,Hellenic Petroleum Thessaloniki Refinery,hellenic petroleum thessaloniki,refname
4985,Hellenic Petroleum Thessaloniki Refinery,hellenicpetroleumthessaloniki,refname
4985,Hellenic Petroleum Thessaloniki Refinery,hellenicpetroleum,refname
4986,Corinth Refinery,corinth,refname
4987,Drogobych Refinery,drogobych,refname
4988,Elefsina Refinery,elefsina,refname
4989,Aspropyrgos Refinery,aspropyrgos,refname
4990,Marsa El Hariga (Tobruk) Refinery,marsa el hariga,refname
4991,Ukrtransneft Neftekhimik Prikarpatya Nadvirna Refinery,ukrtransneft neftekhimik prikarpatya nadvirna,refname
4992,Petrotel-Lukoil Pitesti Refinery,petrotel-lukoil pitesti,refname
4992,Petrotel-Lukoil Pitesti Refinery,petrotel-lukoilpitesti,refname
4993,Porvoo Refinery,porvoo,refname
4994,Rafinaria Petrobrazi,rafinaria petrobrazi,refname
4994,Rafinaria Petrobrazi,rafinariapetrobrazi,refname
4995,Refinery Vega Ploiesti,vega ploiesti,refname
4995,Refinery Vega Ploiesti,vegaploiesti,refname
4996,Astra Ploiesti Refinery,astra ploiesti,refname
4996,Astra Ploiesti Refinery,astraploiesti,refname
4997,Haina Refinery,haina,refname
4998,Rafo Onesti Refinery,rafo onesti,refname
4998,Rafo Onesti Refinery,rafoonesti,refname
4999,Izmir Refinery,izmir,refname
5000,Neftochim Burgas Refinery,neftochim burgas,refname
5000,Neftochim Burgas Refinery,neftochimburgas,refname
5001,Refineria Francisco I Madero,francisco i madero,refname
5001,Refineria Francisco I Madero,franciscoimadero,refname
5001,Refineria Francisco I Madero,franciscoi,refname
5002,Novopolotsk Refinery,novopolotsk,refname
5003,Petromidia Refinery,petromidia,refname
5004,Indeni Petroleum Ndola Refinery,indeni petroleum ndola,refname
5004,Indeni Petroleum Ndola Refinery,indenipetroleumndola,refname
5004,Indeni Petroleum Ndola Refinery,indenipetroleum,refname
5005,Sc Mozyr Oil Refinery,sc mozyr oil,refname
5005,Sc Mozyr Oil Refinery,scmozyroil,refname
5005,Sc Mozyr Oil Refinery,scmozyr,refname
5007,Tupras Izmit Refinery,tupras izmit,refname
5007,Tupras Izmit Refinery,tuprasizmit,refname
5008,Asyut Refinery,asyut,refname
5009,Amerya Refinery,amerya,refname
5010,El Obeid Refinery,el obeid,refname
5010,El Obeid Refinery,elobeid,refname
5011,Odessa Refinery,odessa,refname
5012,Tanta Refinery,tanta,refname
5013,Sapref Durban Refinery,sapref durban,refname
5013,Sapref Durban Refinery,saprefdurban,refname
5014,Engen Refinery,engen,refname
5015,Mostorod Refinery,mostorod,refname
5016,Kirishi Refinery,kirishi,refname
5017,Khartoum Refinery,khartoum,refname
5018,El Suez Refinery,el suez,refname
5018,El Suez Refinery,elsuez,refname
5019,El-Nasr Refinery,el-nasr,refname
5020,El Gily Refinery,el gily,refname
5020,El Gily Refinery,elgily,refname
5021,Wadi Feiran Refinery,wadi feiran,refname
5021,Wadi Feiran Refinery,wadifeiran,refname
5022,Kremenchuk Refinery,kremenchuk,refname
5023,Kirikkale Refinery,kirikkale,refname
5024,Atas Refinery,atas,refname
5025,Ashdod Refinery,ashdod,refname
5026,Haifa Refinery,haifa,refname
5027,Banias Refinery,banias,refname
5028,Jordan Refinery,jordan,refname
5029,Homs Refinery,homs,refname
5030,Point A Pierre Refinery,point a pierre,refname
5030,Point A Pierre Refinery,pointapierre,refname
5030,Point A Pierre Refinery,pointa,refname
5031,Port Sudan Refinery,port sudan,refname
5031,Port Sudan Refinery,portsudan,refname
5032,Moscow Refinery,moscow,refname
5033,Yanbu Oil Refinery (Samref),yanbu oil,refname
5033,Yanbu Oil Refinery (Samref),yanbuoil,refname
5034,Yanbu Refinery (Yasref),yanbu,refname
5035,Linos Refinery (Lisichansk),linos,refname
5036,Yanbu Refinery (Exxon/saudi Aramco),yanbu,refname
5037,Afipsky Refinery,afipsky,refname
5038,Krasnodar Refinery,krasnodar,refname
5039,Rabigh Refinery,rabigh,refname
5040,Tuapse Refinery,tuapse,refname
5041,Jeddah Refinery,jeddah,refname
5042,Mombasa Refinery,mombasa,refname
5043,Kamensky Petroleum Refinery,kamensky petroleum,refname
5043,Kamensky Petroleum Refinery,kamenskypetroleum,refname
5044,Ryazan Refinery,ryazan,refname
5045,Yanos Yaroslavl Refinery,yanos yaroslavl,refname
5045,Yanos Yaroslavl Refinery,yanosyaroslavl,refname
5046,Tupras Batman Refinery,tupras batman,refname
5046,Tupras Batman Refinery,tuprasbatman,refname
5047,Haditha Refinery,haditha,refname
5049,Muftiah Refinery,muftiah,refname
5050,Norsi-Oil (Or Nizhni Novgorod) Refinery,norsi-oil,refname
5051,Kirkuk Refinery,kirkuk,refname
5052,Daurah Refinery,daurah,refname
5053,Volgograd Refinery,volgograd,refname
5054,Little Aden Refinery,little aden,refname
5054,Little Aden Refinery,littleaden,refname
5055,Samawah Refinery,samawah,refname
5056,Saratov Refinery,saratov,refname
5057,Tabriz Refinery,tabriz,refname
5058,Riyadh Refinery,riyadh,refname
5059,Kermanshah Refinery,kermanshah,refname
5060,Trans Asia Refinery,trans asia,refname
5060,Trans Asia Refinery,transasia,refname
5061,Basrah Refinery,basrah,refname
5062,Astrakhan Refinery,astrakhan,refname
5063,Mina Al-Ahmadi Refinery,mina al-ahmadi,refname
5063,Mina Al-Ahmadi Refinery,minaal-ahmadi,refname
5064,Mina Abdullah Refinery,mina abdullah,refname
5064,Mina Abdullah Refinery,minaabdullah,refname
5065,Shuaiba Refinery,shuaiba,refname
5066,Abadan Refinery,abadan,refname
5067,Syzran Refinery,syzran,refname
5068,Tomasina Refinery,tomasina,refname
5069,Shazand Arak Refinery,shazand arak,refname
5069,Shazand Arak Refinery,shazandarak,refname
5070,Jubail Refinery (Sasref),jubail,refname
5071,Novokuibyshevsk Refinery,novokuibyshevsk,refname
5072,Heydar Aliyev Baku Oil Refinery,heydar aliyev baku oil,refname
5073,Socar Azerineftyag Refinery,socar azerineftyag,refname
5073,Socar Azerineftyag Refinery,socarazerineftyag,refname
5074,Kuibyshev Refinery,kuibyshev,refname
5075,Ras Tanura Refinery,ras tanura,refname
5075,Ras Tanura Refinery,rastanura,refname
5076,Bapco Sitrah Refinery,bapco sitrah,refname
5076,Bapco Sitrah Refinery,bapcositrah,refname
5077,Tehran Refinery,tehran,refname
5078,Isfahan Refinery,isfahan,refname
5079,Umm Said Refinery,umm said,refname
5079,Umm Said Refinery,ummsaid,refname
5080,Qatar Petroleum Refinery ,qatar petroleum,refname
5080,Qatar Petroleum Refinery ,qatarpetroleum,refname
5081,Ras Laffan Condensate Refinery,ras laffan condensate,refname
5081,Ras Laffan Condensate Refinery,raslaffancondensate,refname
5081,Ras Laffan Condensate Refinery,raslaffan,refname
5082,Atyrau Refinery,atyrau,refname
5083,Nizhnekamsk Refinery,nizhnekamsk,refname
5084,Shiraz Refinery,shiraz,refname
5085,Ruwais Refinery,ruwais,refname
5086,Turkmenbashi Refinery,turkmenbashi,refname
5087,Lavan Oil Refinery,lavan oil,refname
5087,Lavan Oil Refinery,lavanoil,refname
5088,Refineria Pdvsa El Palito,pdvsa el palito,refname
5088,Refineria Pdvsa El Palito,pdvsaelpalito,refname
5088,Refineria Pdvsa El Palito,pdvsael,refname
5089,Ukhta Refinery,ukhta,refname
5090,Umm Al Nar Refinery,umm al nar,refname
5090,Umm Al Nar Refinery,ummalnar,refname
5090,Umm Al Nar Refinery,ummal,refname
5092,Hamriyah Sharjah Refinery,hamriyah sharjah,refname
5092,Hamriyah Sharjah Refinery,hamriyahsharjah,refname
5093,Salavatnefteorgsintez Refinery,salavatnefteorgsintez,refname
5094,Bandar Abbas Refinery,bandar abbas,refname
5094,Bandar Abbas Refinery,bandarabbas,refname
5095,Ufaneftekhim Refinery,ufaneftekhim,refname
5096,Novo Ufa Refinery,novo ufa,refname
5096,Novo Ufa Refinery,novoufa,refname
5097,Ufimsk Refinery,ufimsk,refname
5098,Perm Refinery,perm,refname
5099,Fujairah Refinery,fujairah,refname
5100,Sohar (Oman Refinery Co Llc),sohar,refname
5101,Mina Al Fahal Refinery,mina al fahal,refname
5101,Mina Al Fahal Refinery,minaalfahal,refname
5101,Mina Al Fahal Refinery,minaal,refname
5102,Orsk Refinery,orsk,refname
5103,Seidi Refinery,seidi,refname
5104,Baluchistan Refinery,baluchistan,refname
5105,Esso Campana Refinery,esso campana,refname
5105,Esso Campana Refinery,essocampana,refname
5106,Antipinsky Oil Refinery,antipinsky oil,refname
5106,Antipinsky Oil Refinery,antipinskyoil,refname
5107,Byco Refinery,byco,refname
5108,Enar Petroleum Refining Facility,enar petroleum facility,refname
5108,Enar Petroleum Refining Facility,enarpetroleumfacility,refname
5108,Enar Petroleum Refining Facility,enarpetroleum,refname
5109,Korangi Refinery,korangi,refname
5110,MCR (Mid-Country),mcr,refname
5111,Shymkent Oil Refinery,shymkent oil,refname
5111,Shymkent Oil Refinery,shymkentoil,refname
5112,Essar Vadinar Refinery,essar vadinar,refname
5112,Essar Vadinar Refinery,essarvadinar,refname
5113,Jamnagar Refinery (Reliance),jamnagar,refname
5114,Parco Refinery,parco,refname
5115,Mumbai Refinery (Hindustan),mumbai,refname
5116,Centro De Refinacion De Paraguana (Amuay Refinery),centro de de paraguana,refname
5117,Gazprom Refinery Surgut,gazprom surgut,refname
5117,Gazprom Refinery Surgut,gazpromsurgut,refname
5118,Attock Refinery (Rawalpindi),attock,refname
5119,Gujarat- Koyali Refinery,gujarat- koyali,refname
5119,Gujarat- Koyali Refinery,gujarat-koyali,refname
5120,Omsk Refinery,omsk,refname
5121,Refineria Camilo Cienfuegos,camilo cienfuegos,refname
5121,Refineria Camilo Cienfuegos,camilocienfuegos,refname
5122,Mangalore Refinery,mangalore,refname
5123,Guru Gobind Singh Oil Refinery,guru gobind singh oil,refname
5124,Nizhnevartovsk Refinery,nizhnevartovsk,refname
5125,Panipat Refinery,panipat,refname
5126,Pavlodar Refinery,pavlodar,refname
5127,Mathura Refinery,mathura,refname
5128,Bina Oil Refinery,bina oil,refname
5128,Bina Oil Refinery,binaoil,refname
5129,Nagarjuna Oil Cuddalore Refinery,nagarjuna oil cuddalore,refname
5129,Nagarjuna Oil Cuddalore Refinery,nagarjunaoilcuddalore,refname
5129,Nagarjuna Oil Cuddalore Refinery,nagarjunaoil,refname
5130,Cauvery Basin Refinery (Nagapattnam Refinery),cauvery basin,refname
5130,Cauvery Basin Refinery (Nagapattnam Refinery),cauverybasin,refname
5131,Sapugaskanda Refinery,sapugaskanda,refname
5132,Kochi Refinery,kochi,refname
5134,Madras Refinery,madras,refname
5135,Puerto Limon Refinery,puerto limon,refname
5135,Puerto Limon Refinery,puertolimon,refname
5136,Tatipaka Refinery,tatipaka,refname
5137,Visakhapatnam (Visakh) Refinery,visakhapatnam,refname
5138,Dushanzi Refinery,dushanzi,refname
5139,Karamay Refinery,karamay,refname
5140,Komsomolsk Refinery,komsomolsk,refname
5141,Chernigov Refinery,chernigov,refname
5142,Barauni Refinery,barauni,refname
5143,Paradip Refinery,paradip,refname
5144,Urumqi Refinery,urumqi,refname
5145,Haldia Refinery,haldia,refname
5146,Achinsk Oil Refinery,achinsk oil,refname
5146,Achinsk Oil Refinery,achinskoil,refname
5147,Bongaigaon Refinery,bongaigaon,refname
5148,Guwahati Refinery,guwahati,refname
5149,Chittagong Refinery,chittagong,refname
5150,Numaligarh Refinery,numaligarh,refname
5151,Chauk Refinery,chauk,refname
5152,Thanbayakan Oil Refinery,thanbayakan oil,refname
5152,Thanbayakan Oil Refinery,thanbayakanoil,refname
5153,Digboi Refinery,digboi,refname
5155,Pangkalan Brandan Refinery,pangkalan brandan,refname
5155,Pangkalan Brandan Refinery,pangkalanbrandan,refname
5156,Bangchak Refinery,bangchak,refname
5157,Thai Oil Sriracha Refinery,thai oil sriracha,refname
5157,Thai Oil Sriracha Refinery,thaioilsriracha,refname
5157,Thai Oil Sriracha Refinery,thaioil,refname
5158,Rayong Refinery,rayong,refname
5159,Sprc Map Ta Phut Refinery,sprc map ta phut,refname
5160,Alliance Map Ta Phut Refinery,alliance map ta phut,refname
5161,Rayong Purifier Refinery,rayong purifier,refname
5161,Rayong Purifier Refinery,rayongpurifier,refname
5162,IRPC Rayong Refinery,irpc rayong,refname
5162,IRPC Rayong Refinery,irpcrayong,refname
5163,Dumai Refinery,dumai,refname
5164,Hengyuan Port Dickinson Refinery,hengyuan port dickinson,refname
5164,Hengyuan Port Dickinson Refinery,hengyuanportdickinson,refname
5164,Hengyuan Port Dickinson Refinery,hengyuanport,refname
5165,Petron Port Dickinson Refinery,petron port dickinson,refname
5165,Petron Port Dickinson Refinery,petronportdickinson,refname
5165,Petron Port Dickinson Refinery,petronport,refname
5166,Melaka Refinery Psr-2,melaka psr-2,refname
5166,Melaka Refinery Psr-2,melakapsr-2,refname
5167,Kertih Refinery,kertih,refname
5168,Lanzhou Refinery,lanzhou,refname
5169,Singapore Refinery (Jurong )(exxonmobil),singapore,refname
5170,Pulau Merlimau Refinery,pulau merlimau,refname
5170,Pulau Merlimau Refinery,pulaumerlimau,refname
5171,Pulau Bukom Refinery,pulau bukom,refname
5171,Pulau Bukom Refinery,pulaubukom,refname
5172,Angarsk Refinery,angarsk,refname
5173,Pertamina Musi Refinery,pertamina musi,refname
5173,Pertamina Musi Refinery,pertaminamusi,refname
5174,Can Tho Oil Refinery,can tho oil,refname
5174,Can Tho Oil Refinery,canthooil,refname
5174,Can Tho Oil Refinery,cantho,refname
5175,Balongan Refinery,balongan,refname
5176,Guangxi Refinery,guangxi,refname
5177,Dung Quat Refinery,dung quat,refname
5177,Dung Quat Refinery,dungquat,refname
5178,Cilacap Refinery,cilacap,refname
5179,Beihai Refinery,beihai,refname
5180,Yangpu Refinery,yangpu,refname
5182,Hainan Refinery,hainan,refname
5183,Maoming Company Refinery,maoming company,refname
5183,Maoming Company Refinery,maomingcompany,refname
5184,Cepu Refinery,cepu,refname
5185,Tuban Refinery,tuban,refname
5186,Jingmen Refinery,jingmen,refname
5187,Changling Company Refinery,changling company,refname
5187,Changling Company Refinery,changlingcompany,refname
5188,Guangzhou Company Refinery,guangzhou company,refname
5188,Guangzhou Company Refinery,guangzhoucompany,refname
5189,Lutong Refinery,lutong,refname
5190,Wuhan Company Refinery,wuhan company,refname
5190,Wuhan Company Refinery,wuhancompany,refname
5191,Huizhou Refinery,huizhou,refname
5192,Bp Kwinana Refinery,bp kwinana,refname
5192,Bp Kwinana Refinery,bpkwinana,refname
5193,Jiujiang Company Refinery,jiujiang company,refname
5193,Jiujiang Company Refinery,jiujiangcompany,refname
5194,Zhanjiang Dongxing Refinery,zhanjiang dongxing,refname
5194,Zhanjiang Dongxing Refinery,zhanjiangdongxing,refname
5195,Pertamina Balikpapan Refinery,pertamina balikpapan,refname
5195,Pertamina Balikpapan Refinery,pertaminabalikpapan,refname
5196,Cangzhou Company Refinery,cangzhou company,refname
5196,Cangzhou Company Refinery,cangzhoucompany,refname
5197,Anqing Company Refinery,anqing company,refname
5197,Anqing Company Refinery,anqingcompany,refname
5198,Jinan Refinery,jinan,refname
5199,Santan Terminal Refinery,santan terminal,refname
5199,Santan Terminal Refinery,santanterminal,refname
5200,Tianjin Refinery,tianjin,refname
5201,Qilu Refinery,qilu,refname
5202,Kunak Refinery,kunak,refname
5203,Jinling Company Refinery,jinling company,refname
5203,Jinling Company Refinery,jinlingcompany,refname
5204,Talin Refinery,talin,refname
5205,Mailiao Refinery,mailiao,refname
5206,Liaoning Refinery (Zhenhua),liaoning,refname
5207,Kaohsiung Refinery (Cpc),kaohsiung,refname
5208,Dalin Refinery,dalin,refname
5209,Qingdao Refinery,qingdao,refname
5210,Petron Bataan Refinery (Pbr),petron bataan,refname
5210,Petron Bataan Refinery (Pbr),petronbataan,refname
5211,Jinxi Refinery,jinxi,refname
5212,Zhejiang Meifu Petrochemical Company,zhejiang meifu petrochemical company,refname
5213,Tabangao Refinery,tabangao,refname
5214,Jinzhou Petrochemical Refinery,jinzhou petrochemical,refname
5214,Jinzhou Petrochemical Refinery,jinzhoupetrochemical,refname
5215,Taoyuan Refinery,taoyuan,refname
5216,Shanghai Gaoqiao Company Refinery,shanghai gaoqiao company,refname
5216,Shanghai Gaoqiao Company Refinery,shanghaigaoqiaocompany,refname
5216,Shanghai Gaoqiao Company Refinery,shanghaigaoqiao,refname
5217,Fujian Refinery,fujian,refname
5218,Zhenhai Refinery,zhenhai,refname
5219,Dalian Petrochemical Refinery,dalian petrochemical,refname
5219,Dalian Petrochemical Refinery,dalianpetrochemical,refname
5220,Wepec Dalian Refinery,wepec dalian,refname
5220,Wepec Dalian Refinery,wepecdalian,refname
5221,Liaoning Refinery (Sinopec),liaoning,refname
5222,Fushun Petrochemical Refinery,fushun petrochemical,refname
5222,Fushun Petrochemical Refinery,fushunpetrochemical,refname
5223,Daqing Petrochemical Refinery,daqing petrochemical,refname
5223,Daqing Petrochemical Refinery,daqingpetrochemical,refname
5224,Hyundai - Daesan Refinery,hyundai - daesan,refname
5224,Hyundai - Daesan Refinery,hyundai-daesan,refname
5224,Hyundai - Daesan Refinery,hyundai-,refname
5225,Jilin Chemical Refinery,jilin chemical,refname
5225,Jilin Chemical Refinery,jilinchemical,refname
5226,Incheon (Sk Energy),incheon,refname
5227,Yeosu Refinery,yeosu,refname
5228,Nishihara Refinery,nishihara,refname
5229,Sk Ulsan Refinery,sk ulsan,refname
5229,Sk Ulsan Refinery,skulsan,refname
5230,S-Oil Ulsan Refinery,s-oil ulsan,refname
5230,S-Oil Ulsan Refinery,s-oilulsan,refname
5232,Buenos Aires Refinery,buenos aires,refname
5232,Buenos Aires Refinery,buenosaires,refname
5233,Pertamina Kasim Refinery,pertamina kasim,refname
5233,Pertamina Kasim Refinery,pertaminakasim,refname
5234,Yamaguchi Refinery,yamaguchi,refname
5235,Oita Refinery,oita,refname
5236,Tokuyama Complex,tokuyama complex,refname
5236,Tokuyama Complex,tokuyamacomplex,refname
5237,Marifu Refinery,marifu,refname
5238,Shikoku Refinery,shikoku,refname
5239,Mizushima Refinery,mizushima,refname
5240,Sakaide Refinery,sakaide,refname
5241,Khabarovsk Refinery,khabarovsk,refname
5242,Wakayama Refinery,wakayama,refname
5243,Osaka Refinery,osaka,refname
5244,Sakai Refinery (Tonengeneral),sakai,refname
5245,Sakai Refinery (Cosmo Oil),sakai,refname
5246,Yokkaichi Refinery (Shell),yokkaichi,refname
5247,Yokkaichi Refinery (Cosmo Oil),yokkaichi,refname
5248,Aichi Refinery,aichi,refname
5249,Toyoma Refinery,toyoma,refname
5250,Negishi Refinery,negishi,refname
5251,Keihin Refinery,keihin,refname
5252,Kawasaki Refinery (Tonengeneral),kawasaki,refname
5253,Sodegaura Refinery,sodegaura,refname
5254,Chiba Refinery (Idemitsu),chiba,refname
5255,Chiba Refinery (Tonengeneral),chiba,refname
5256,Chiba Refinery (Cosmo Oil),chiba,refname
5257,Kashima Refinery,kashima,refname
5258,Sendai Refinery,sendai,refname
5259,Hokkaido Refinery,hokkaido,refname
5260,Viva Energy Geelong Refinery,viva energy geelong,refname
5260,Viva Energy Geelong Refinery,vivaenergygeelong,refname
5260,Viva Energy Geelong Refinery,vivaenergy,refname
5261,Altona Refinery,altona,refname
5262,Napa Napa Refinery,napa napa,refname
5262,Napa Napa Refinery,napanapa,refname
5263,Kurnell Refinery,kurnell,refname
5264,Bp Bulwer Island Refinery,bp bulwer island,refname
5264,Bp Bulwer Island Refinery,bpbulwerisland,refname
5264,Bp Bulwer Island Refinery,bpbulwer,refname
5265,Caltex Oil Refinery,caltex oil,refname
5265,Caltex Oil Refinery,caltexoil,refname
5266,Marsden Point Oil Refinery,marsden point oil,refname
5266,Marsden Point Oil Refinery,marsdenpointoil,refname
5266,Marsden Point Oil Refinery,marsdenpoint,refname
6958,Duqm Sez Refinery And Petrochemicals,duqm sez and petrochemicals,refname
7138,Tanzania Italian Petrolium Oil Refinery,tanzania italian petrolium oil,refname
7222,Sinopec Yangzi Petrochemical Company,sinopec yangzi petrochemical company,refname
7246,Jebel Ali Refinery,jebel ali,refname
7246,Jebel Ali Refinery,jebelali,refname
7403,Myanmar China Petro Transportation,myanmar china petro transportation,refname
9612,Kam Refinery,kam,refname
9613,Ghazanfar Oil Refinery,ghazanfar oil,refname
9613,Ghazanfar Oil Refinery,ghazanfaroil,refname
9614,Ballsh Refinery,ballsh,refname
9616,Fier Refinery,fier,refname
9617,Topping Condensat (RA2.K),topping condensat,refname
9617,Topping Condensat (RA2.K),toppingcondensat,refname
9622,Raffinerie d’Adrar Soralchin,raffinerie d’adrar soralchin,refname
9622,Raffinerie d’Adrar Soralchin,raffineried’adrarsoralchin,refname
9622,Raffinerie d’Adrar Soralchin,raffineried’adrar,refname
9623,Avellaneda Refinery,avellaneda,refname
9625,Clyde Refinery,clyde,refname
9626,Eromanga Refinery,eromanga,refname
9627,VTTI ATPC,vtti atpc,refname
9627,VTTI ATPC,vttiatpc,refname
9628,Brod Refinery,brod,refname
9629,Dax Oil Refinery,dax oil,refname
9629,Dax Oil Refinery,daxoil,refname
9630,RPCC (Potiguar Clara Camarão Refinery),rpcc,refname
9631,UNIVEN Refinery,univen,refname
9632,Seria Refinery,seria,refname
9633,Moose Jaw Refinery,moose jaw,refname
9633,Moose Jaw Refinery,moosejaw,refname
9634,NRC N'Djamena Refinery Company,nrc n'djamena company,refname
9634,NRC N'Djamena Refinery Company,nrcn'djamenacompany,refname
9634,NRC N'Djamena Refinery Company,nrcn'djamena,refname
9635,Daqing Refining & Chemical,daqing & chemical,refname
9635,Daqing Refining & Chemical,daqing&chemical,refname
9635,Daqing Refining & Chemical,daqing&,refname
9636,Harbin Refinery,harbin,refname
9637,Panjin Liaohe Petrochemical Refinery,panjin liaohe petrochemical,refname
9637,Panjin Liaohe Petrochemical Refinery,panjinliaohepetrochemical,refname
9637,Panjin Liaohe Petrochemical Refinery,panjinliaohe,refname
9638,Liaoyang Refinery,liaoyang,refname
9639,Changqing Xianyang Refinery,changqing xianyang,refname
9639,Changqing Xianyang Refinery,changqingxianyang,refname
9640,Xian Refinery,xian,refname
9641,Yumen Refinery,yumen,refname
9642,Beijing Yanshan Refinery,beijing yanshan,refname
9642,Beijing Yanshan Refinery,beijingyanshan,refname
9643,Dagang Refinery,dagang,refname
9644,Huabei Renqiu Refinery,huabei renqiu,refname
9644,Huabei Renqiu Refinery,huabeirenqiu,refname
9645,Shijiazhuang Refinery,shijiazhuang,refname
9646,Qingdao Petrochemical  Refinery,qingdao petrochemical,refname
9646,Qingdao Petrochemical  Refinery,qingdaopetrochemical,refname
9647,Shanghai  Refinery,shanghai,refname
9648,Luoyang Refinery,luoyang,refname
9649,Yueyang Refinery,yueyang,refname
9650,Quanzhou Refinery,quanzhou,refname
9651,Pengzhou Refinery,pengzhou,refname
9652,Yingkou Refinery,yingkou,refname
9653,Chenxi Refinery,chenxi,refname
9654,Anbang Refinery,anbang,refname
9655,China Offshore Bitumen  Refinery,china offshore bitumen,refname
9656,Kenli Refinery,kenli,refname
9657,Sergio Soto Refinery,sergio soto,refname
9657,Sergio Soto Refinery,sergiosoto,refname
9658,Bonao Refinery,bonao,refname
9659,El Mex Refinery,el mex,refname
9659,El Mex Refinery,elmex,refname
9660,MIDOR  Refinery,midor,refname
9663,Rheinland Refinery - Wesseling,rheinland - wesseling,refname
9663,Rheinland Refinery - Wesseling,rheinland-wesseling,refname
9663,Rheinland Refinery - Wesseling,rheinland-,refname
9664,Bayernoil Refinery,bayernoil,refname
9667,Jamnagar RPL (SEZ) Refinery,jamnagar rpl,refname
9667,Jamnagar RPL (SEZ) Refinery,jamnagarrpl,refname
9668,Baiji Salah al Din Complex Refinery,baiji salah al din complex,refname
9669,Najaf Refinery,najaf,refname
9670,Nasiria Refinery,nasiria,refname
9671,Diwaniyah Refinery,diwaniyah,refname
9672,Qayarah Refinery,qayarah,refname
9673,Kalak Erbil Refinery,kalak erbil,refname
9673,Kalak Erbil Refinery,kalakerbil,refname
9674,Bazian Sulaymaniyah Refinery,bazian sulaymaniyah,refname
9674,Bazian Sulaymaniyah Refinery,baziansulaymaniyah,refname
9675,Aktobe Refinery,aktobe,refname
9676,Jalalabad Refinery,jalalabad,refname
9677,Kara-Balta Refinery,kara-balta,refname
9678,Kemaman Bitumen Refinery,kemaman bitumen,refname
9678,Kemaman Bitumen Refinery,kemamanbitumen,refname
9679,Thanlyin Refinery,thanlyin,refname
9681,Ponghwa Chemical Complex Refinery,ponghwa chemical complex,refname
9681,Ponghwa Chemical Complex Refinery,ponghwachemicalcomplex,refname
9681,Ponghwa Chemical Complex Refinery,ponghwachemical,refname
9682,Mongstad Refinery,mongstad,refname
9683,Campina Refinery,campina,refname
9684,Ilsky Refinery,ilsky,refname
9685,Mariysky/Mari EI Refinery Refinery,mariysky/mari ei,refname
9685,Mariysky/Mari EI Refinery Refinery,mariysky/mariei,refname
9686,Novatek Ust-Luga Refinery,novatek ust-luga,refname
9686,Novatek Ust-Luga Refinery,novatekust-luga,refname
9687,Novoshakhtinsk Refinery,novoshakhtinsk,refname
9688,TAIF Refinery,taif,refname
9689,TANECO Refinery,taneco,refname
9690,Yaysky Refinery,yaysky,refname
9692,Urai Refinery,urai,refname
9693,Kogalym Refinery,kogalym,refname
9694,Yanbu Refinery (Saudi Aramco),yanbu,refname
9695,Jubail SATORP Refinery,jubail satorp,refname
9695,Jubail SATORP Refinery,jubailsatorp,refname
9696,Sasolburg NATREF Refinery,sasolburg natref,refname
9696,Sasolburg NATREF Refinery,sasolburgnatref,refname
9697,Gothenburg Refinery,gothenburg,refname
9698,Sri Racha Refinery,sri racha,refname
9698,Sri Racha Refinery,sriracha,refname
9700,Fang Refinery,fang,refname
9701,Khersonv Refinery,khersonv,refname
9702,Wilmington Refinery,wilmington,refname
9703,Galena Park Refinery,galena park,refname
9703,Galena Park Refinery,galenapark,refname
9704,Corpus Christi Refinery,corpus christi,refname
9704,Corpus Christi Refinery,corpuschristi,refname
9705,Saint Rose Refinery,saint rose,refname
9705,Saint Rose Refinery,saintrose,refname
9706,Corpus Christi (MMP),corpus christi,refname
9706,Corpus Christi (MMP),corpuschristi,refname
9707,Houston Refinery,houston,refname
9708,Prudhoe Bay Refinery(Phillips 66),prudhoe bay,refname
9708,Prudhoe Bay Refinery(Phillips 66),prudhoebay,refname
9709,Wilmington Asphalt Plant Refinery,wilmington asphalt plant,refname
9709,Wilmington Asphalt Plant Refinery,wilmingtonasphaltplant,refname
9709,Wilmington Asphalt Plant Refinery,wilmingtonasphalt,refname
9710,Atmore Refinery,atmore,refname
9711,Fergana Refinery,fergana,refname
9712,Alty Arik Refinery,alty arik,refname
9712,Alty Arik Refinery,altyarik,refname
9713,Bukhara Refinery,bukhara,refname
9714,San Roque Refinery,san roque,refname
9714,San Roque Refinery,sanroque,refname
9715,Petro Monagas (Cerro Negro) Refinery,petro monagas,refname
9715,Petro Monagas (Cerro Negro) Refinery,petromonagas,refname
9716,Petro Piar (Ameriven) Refinery,petro piar,refname
9716,Petro Piar (Ameriven) Refinery,petropiar,refname
9718,Marib Refinery,marib,refname
9719,Kasak Refinery,kasak,refname
9720,Daxie Refinery,daxie,refname
9731,Mumbai Refinery,mumbai,refname
10786,Melaka Refinery Psr-1,melaka psr-1,refname
10786,Melaka Refinery Psr-1,melakapsr-1,refname
13312,Nghi Son Refinery,nghi son,refname
13312,Nghi Son Refinery,nghison,refname
14611,SOCAR STAR Refinery,socar star,refname
14611,SOCAR STAR Refinery,socarstar,refname
15945,La Libertad Refinery,la libertad,refname
15945,La Libertad Refinery,lalibertad,refname
15952,Tyulgan refinery,tyulgan,refname
15953,Samara Petroneft refinery,samara petroneft,refname
15953,Samara Petroneft refinery,samarapetroneft,refname
15954,Kardymovo refinery,kardymovo,refname
15955,Ufimsky refinery,ufimsky,refname
15956,Slavyansk refinery (NPZ UBK),slavyansk,refname
15957,Kochenevsky refinery,kochenevsky,refname
15958,Krasnoleninsk refinery,krasnoleninsk,refname
15959,Kondinsky refinery,kondinsky,refname
15960,Alexandrovsky refinery,alexandrovsky,refname
15961,Komi (Ukhta) refinery,komi,refname
15962,Tomsk Refining AB refinery,tomsk ab,refname
15962,Tomsk Refining AB refinery,tomskab,refname
15963,Shakhty refinery,shakhty,refname
15964,Gukovo refinery,gukovo,refname
15965,Novy Urengoy refinery,novy urengoy,refname
15965,Novy Urengoy refinery,novyurengoy,refname
15966,Petrosakh refinery,petrosakh,refname
15967,Strezhevoy refinery,strezhevoy,refname
15968,Elkhovsky refinery,elkhovsky,refname
15969,Volkhov refinery,volkhov,refname
15970,Kolguyev Island refinery,kolguyev island,refname
15970,Kolguyev Island refinery,kolguyevisland,refname
15977,Qinhuangdao Yuandong Refinery,qinhuangdao yuandong,refname
15977,Qinhuangdao Yuandong Refinery,qinhuangdaoyuandong,refname
15978,Dongyou Asphalt Refinery,dongyou asphalt,refname
15978,Dongyou Asphalt Refinery,dongyouasphalt,refname
15979,Hainan condensate Refinery,hainan condensate,refname
15979,Hainan condensate Refinery,hainancondensate,refname
15980,Qinhuangdao Asphalt Refinery,qinhuangdao asphalt,refname
15980,Qinhuangdao Asphalt Refinery,qinhuangdaoasphalt,refname
15981,Lianfu Refinery,lianfu,refname
15982,Anbang (Penglai) Refinery,anbang,refname
15983,Zhanjiang II Refinery,zhanjiang ii,refname
15983,Zhanjiang II Refinery,zhanjiangii,refname
15984,Jinhai Hongye Refinery,jinhai hongye,refname
15984,Jinhai Hongye Refinery,jinhaihongye,refname
15985,Cat Lai Refinery,cat lai,refname
15985,Cat Lai Refinery,catlai,refname
15986,Muroran Refinery,muroran,refname
15987,Platon Gas Oil (Tema II) Refinery,platon gas oil,refname
15988,Sillamae Refinery,sillamae,refname
15989,Tarragona II Refinery,tarragona ii,refname
15989,Tarragona II Refinery,tarragonaii,refname
15990,Eastham Refinery,eastham,refname
15991,H&R Olwerke Schindler GmbH Refinery,h&r olwerke schindler gmbh,refname
15992,Milford Haven Refinery,milford haven,refname
15992,Milford Haven Refinery,milfordhaven,refname
15993,Abadan II Refinery,abadan ii,refname
15993,Abadan II Refinery,abadanii,refname
15994,Laffan II Refinery,laffan ii,refname
15994,Laffan II Refinery,laffanii,refname
15995,Bosicor Oil Refinery (Mouza Kund II),bosicor oil,refname
15995,Bosicor Oil Refinery (Mouza Kund II),bosicoroil,refname
15996,Bandar Abbas II Refinery,bandar abbas ii,refname
15996,Bandar Abbas II Refinery,bandarabbasii,refname
15996,Bandar Abbas II Refinery,bandarabbas,refname
15997,ExxonMobil Singapore Chemical Plant (Jurong Island III),exxonmobil singapore chemical plant,refname
15998,Khorramshahr Refinery,khorramshahr,refname
15999,Pengerang Integrated Petroleum Complex (PIPC),pengerang integrated petroleum complex,refname
16000,Fujairah II Refinery,fujairah ii,refname
16000,Fujairah II Refinery,fujairahii,refname
16001,Lake Charles II Refinery,lake charles ii,refname
16001,Lake Charles II Refinery,lakecharlesii,refname
16001,Lake Charles II Refinery,lakecharles,refname
16002,Long Beach Refinery,long beach,refname
16002,Long Beach Refinery,longbeach,refname
16003,Port Reading Refinery,port reading,refname
16003,Port Reading Refinery,portreading,refname
16004,Coryton Refinery,coryton,refname
16005,Daesan II Refinery,daesan ii,refname
16005,Daesan II Refinery,daesanii,refname
16006,Ogbele Refinery,ogbele,refname
16037,Chengda Refinery,chengda,refname
16038,Chang Qing Refinery,chang qing,refname
16038,Chang Qing Refinery,changqing,refname
16039,Jingbo Refinery,jingbo,refname
16040,Kangda Refinery,kangda,refname
16041,Binhua Refinery,binhua,refname
16042,Hejian Refinery,hejian,refname
16043,Jinan Changcheng Refinery,jinan changcheng,refname
16043,Jinan Changcheng Refinery,jinanchangcheng,refname
16044,Lanxing I Refinery,lanxing i,refname
16044,Lanxing I Refinery,lanxingi,refname
16045,Yongxin Refinery,yongxin,refname
16046,Beizhen Deying Refinery,beizhen deying,refname
16046,Beizhen Deying Refinery,beizhendeying,refname
16047,Wusheng Refinery,wusheng,refname
16048,Binzhou Refinery,binzhou,refname
16049,Xinhai Refinery,xinhai,refname
16050,Huaxiang Refinery,huaxiang,refname
16051,Luzhou Asphalt Refinery,luzhou asphalt,refname
16051,Luzhou Asphalt Refinery,luzhouasphalt,refname
16052,Guangyuanfa Asphalt Refinery,guangyuanfa asphalt,refname
16052,Guangyuanfa Asphalt Refinery,guangyuanfaasphalt,refname
16053,Nanchong Refinery,nanchong,refname
16054,Nanyang Refinery,nanyang,refname
16055,Beifang Asphalt Refinery,beifang asphalt,refname
16055,Beifang Asphalt Refinery,beifangasphalt,refname
16056,Tahe Refinery,tahe,refname
16057,Channelview II Refinery,channelview ii,refname
16057,Channelview II Refinery,channelviewii,refname
16058,Kant Refinery,kant,refname
16059,Oxnard Refinery,oxnard,refname
16060,Tawke Refinery,tawke,refname
16061,Azadegan I Refinery,azadegan i,refname
16061,Azadegan I Refinery,azadegani,refname
16062,Sharjah Refinery,sharjah,refname
16063,Xinyue Refinery,xinyue,refname
16064,Kunming Refinery,kunming,refname
16065,Huayou Refinery,huayou,refname
16066,Bluestar Tianjin Refinery,bluestar tianjin,refname
16066,Bluestar Tianjin Refinery,bluestartianjin,refname
16067,Shouguanglianmeng Refinery,shouguanglianmeng,refname
16068,Lanxing II Refinery,lanxing ii,refname
16068,Lanxing II Refinery,lanxingii,refname
16069,Hongrun Refinery,hongrun,refname
16070,Haihua Refinery,haihua,refname
16071,Huarong Refinery,huarong,refname
16072,Taizhou Refinery,taizhou,refname
16073,Jingfa Asphalt Refinery,jingfa asphalt,refname
16073,Jingfa Asphalt Refinery,jingfaasphalt,refname
16074,Yanan Refinery,yanan,refname
16075,Yongping Refinery,yongping,refname
16076,Yanbian Refinery,yanbian,refname
16077,Yangzhou Refinery,yangzhou,refname
16078,Ningdong Refinery,ningdong,refname
16079,Taipinghe Asphalt Refinery,taipinghe asphalt,refname
16079,Taipinghe Asphalt Refinery,taipingheasphalt,refname
16080,Mudanjiang Refinery,mudanjiang,refname
16081,Taxinan Refinery,taxinan,refname
16082,Zhongyuan Refinery,zhongyuan,refname
16083,Beili Refinery,beili,refname
16084,Xingda Asphalt Refinery,xingda asphalt,refname
16084,Xingda Asphalt Refinery,xingdaasphalt,refname
16085,Qingyang Refinery,qingyang,refname
16086,Qihua Refinery,qihua,refname
16087,Haiyou Refinery,haiyou,refname
16088,Hongye Refinery,hongye,refname
16089,Shenyang Paraffin Refinery,shenyang paraffin,refname
16089,Shenyang Paraffin Refinery,shenyangparaffin,refname
16090,Shenyang Refinery,shenyang,refname
16091,Liaozhong Refinery,liaozhong,refname
16092,Jinao (Sihai) Refinery,jinao,refname
16093,Songyuan Refinery,songyuan,refname
16094,Xinying Asphalt Refinery,xinying asphalt,refname
16094,Xinying Asphalt Refinery,xinyingasphalt,refname
16095,Pengxi Refinery,pengxi,refname
16096,Yuanfeng Asphalt Refinery,yuanfeng asphalt,refname
16096,Yuanfeng Asphalt Refinery,yuanfengasphalt,refname
16097,Taizhou CNOOC Refinery,taizhou cnooc,refname
16097,Taizhou CNOOC Refinery,taizhoucnooc,refname
16098,Kubiki Refinery,kubiki,refname
16099,Ba Ria Refinery,ba ria,refname
16099,Ba Ria Refinery,baria,refname
16100,Harwich Refinery,harwich,refname
16101,Salzbergen Refinery,salzbergen,refname
16102,Refi Pampa SA Refinery,refi pampa sa,refname
16102,Refi Pampa SA Refinery,refipampasa,refname
16102,Refi Pampa SA Refinery,refipampa,refname
16103,Nanliang Refinery,nanliang,refname
16104,Xingneng Asphalt Refinery,xingneng asphalt,refname
16104,Xingneng Asphalt Refinery,xingnengasphalt,refname
16105,Baota Petrochemical Refinery,baota petrochemical,refname
16105,Baota Petrochemical Refinery,baotapetrochemical,refname
16106,Ningxia Refinery,ningxia,refname
16107,Yulin Refinery,yulin,refname
16108,Shuangyi Refinery,shuangyi,refname
16109,Tianyi Refinery,tianyi,refname
16110,Zhejiang Zhoushan Refinery,zhejiang zhoushan,refname
16110,Zhejiang Zhoushan Refinery,zhejiangzhoushan,refname
16111,Qingyuan Refinery,qingyuan,refname
16112,Lingzhou Refinery,lingzhou,refname
16113,Jincheng Refinery,jincheng,refname
16114,Huifeng Refinery,huifeng,refname
16115,Huikaifeng Refinery,huikaifeng,refname
16116,Baota Zhuhai Refinery,baota zhuhai,refname
16116,Baota Zhuhai Refinery,baotazhuhai,refname
16117,Sungri Refinery,sungri,refname
16118,Shebelinka Refinery,shebelinka,refname
16119,TWU Refinery,twu,refname
16120,Hongyuan Refinery,hongyuan,refname
16121,Oro Negro Refinery,oro negro,refname
16121,Oro Negro Refinery,oronegro,refname
16122,Mongla Refinery,mongla,refname
16123,Tursunzoda I Refinery,tursunzoda i,refname
16123,Tursunzoda I Refinery,tursunzodai,refname
16124,Sungai Pakning Refinery,sungai pakning,refname
16124,Sungai Pakning Refinery,sungaipakning,refname
16125,Konibodom II Refinery,konibodom ii,refname
16125,Konibodom II Refinery,konibodomii,refname
16126,Golmud Refinery,golmud,refname
16127,Baldzhuvan  Refinery,baldzhuvan,refname
16128,Dongfang Refinery,dongfang,refname
16129,Dongfang Hualong Refinery,dongfang hualong,refname
16129,Dongfang Hualong Refinery,dongfanghualong,refname
16130,Hi-TECH Refinery,hi-tech,refname
16131,Zhenghe Refinery,zhenghe,refname
16132,Dongying Shandong Shenchi Petrochemical Refinery,dongying shandong shenchi petrochemical,refname
16133,Hualian Refinery,hualian,refname
16134,Hi-Tech Ruilin Refinery,hi-tech ruilin,refname
16134,Hi-Tech Ruilin Refinery,hi-techruilin,refname
16135,Yatong Dongying Petrochemical Refinery,yatong dongying petrochemical,refname
16135,Yatong Dongying Petrochemical Refinery,yatongdongyingpetrochemical,refname
16135,Yatong Dongying Petrochemical Refinery,yatongdongying,refname
16136,Qirun Refinery,qirun,refname
16137,Shengkai Refinery,shengkai,refname
16138,Wantong Refinery,wantong,refname
16139,Dongying CNOOC Refinery,dongying cnooc,refname
16139,Dongying CNOOC Refinery,dongyingcnooc,refname
16140,Shtar Refinery,shtar,refname
16141,Gaofu Refinery,gaofu,refname
16142,Mingyuan Refinery,mingyuan,refname
16143,Shengkai Asphalt Refinery,shengkai asphalt,refname
16143,Shengkai Asphalt Refinery,shengkaiasphalt,refname
16144,Dongying Dongming Refinery,dongying dongming,refname
16144,Dongying Dongming Refinery,dongyingdongming,refname
16145,Qinghai Refinery,qinghai,refname
16146,Haishengda Refinery,haishengda,refname
16147,Futeng Asphalt Refinery,futeng asphalt,refname
16147,Futeng Asphalt Refinery,futengasphalt,refname
16148,Ruifeng Refinery,ruifeng,refname
16149,Jiasheng Asphalt Refinery,jiasheng asphalt,refname
16149,Jiasheng Asphalt Refinery,jiashengasphalt,refname
16150,Panlong Refinery,panlong,refname
16151,Huahong Refinery,huahong,refname
16152,Shengshi Refinery,shengshi,refname
16153,Dongming Refinery,dongming,refname
16154,Yingchang Asphalt Refinery,yingchang asphalt,refname
16154,Yingchang Asphalt Refinery,yingchangasphalt,refname
16155,Hohhot Refinery,hohhot,refname
16156,Qingjiang Refinery,qingjiang,refname
16157,Liaotong Refinery,liaotong,refname
16158,Dawa Refinery,dawa,refname
16159,Nong'an Refinery,nong'an,refname
16160,Changyi Refinery,changyi,refname
16161,Dalian III (Petrochemical) Refinery,dalian iii,refname
16161,Dalian III (Petrochemical) Refinery,dalianiii,refname
16162,Dandong Refinery,dandong,refname
16163,Bluestar Daqing Refinery,bluestar daqing,refname
16163,Bluestar Daqing Refinery,bluestardaqing,refname
16164,Daqing III (ChemChina) Refinery,daqing iii,refname
16164,Daqing III (ChemChina) Refinery,daqingiii,refname
16165,Daqing Lianyi Refinery,daqing lianyi,refname
16165,Daqing Lianyi Refinery,daqinglianyi,refname
16166,Shandong Hengyuan Refinery,shandong hengyuan,refname
16166,Shandong Hengyuan Refinery,shandonghengyuan,refname
16167,Dongguan Yelian Refinery,dongguan yelian,refname
16167,Dongguan Yelian Refinery,dongguanyelian,refname
16168,Huaxing Refinery,huaxing,refname
16169,Lihuayi Refinery,lihuayi,refname
16170,Rudaki Refinery,rudaki,refname
16171,Mbini Refinery,mbini,refname
16172,Petit Couronne Refinery,petit couronne,refname
16172,Petit Couronne Refinery,petitcouronne,refname
16173,Berre Letang Refinery,berre letang,refname
16173,Berre Letang Refinery,berreletang,refname
16174,Mantova Refinery,mantova,refname
16175,Amara Refinery,amara,refname
16176,Sininya Baiji Refinery (Lanaz),sininya baiji,refname
16176,Sininya Baiji Refinery (Lanaz),sininyabaiji,refname
16177,Dukan Refinery,dukan,refname
16178,Karachaganak Refinery,karachaganak,refname
16179,Khanaqin Refinery,khanaqin,refname
16180,Shahroud Refinery,shahroud,refname
16181,Tokmok Refinery,tokmok,refname
16182,Karatau Refinery,karatau,refname
16183,Zhanaozen Refinery,zhanaozen,refname
16184,Bentiu Refinery,bentiu,refname
16185,Qeshm Heavy Oil Refinery,qeshm heavy oil,refname
16185,Qeshm Heavy Oil Refinery,qeshmheavyoil,refname
16185,Qeshm Heavy Oil Refinery,qeshmheavy,refname
16186,Dhodak Refinery,dhodak,refname
16187,Jizan Refinery,jizan,refname
16188,Bakersfield III Refinery,bakersfield iii,refname
16188,Bakersfield III Refinery,bakersfieldiii,refname
16318,Palau Muara Besar Refinery,palau muara besar,refname
16318,Palau Muara Besar Refinery,palaumuarabesar,refname
16318,Palau Muara Besar Refinery,palaumuara,refname
16328,NWR Sturgeon Refinery,nwr sturgeon,refname
16328,NWR Sturgeon Refinery,nwrsturgeon,refname
16329,Zhanjiang Refinery Complex,zhanjiang complex,refname
16329,Zhanjiang Refinery Complex,zhanjiangcomplex,refname
16330,Wilhelmshaven refinery,wilhelmshaven,refname
16331,Jazan Refinery,jazan,refname
